{"type":"FeatureCollection","features":[{"type":"Feature","properties":{"iso3":"CHN","nameFr":"Chine"},"geometry":{"type":"MultiPolygon","coordinates":[[[[78.91769,33.38626],[78.91595,33.38766],[78.82426,33.46106],[78.80091,33.49424],[78.78137,33.55279],[78.79408,33.74391],[78.78726,33.80843],[78.77031,33.87235],[78.72112,33.99439],[78.73011,34.07926],[78.80607,34.12298],[78.90322,34.15812],[78.97619,34.21716],[78.98549,34.2399],[78.98849,34.26313],[78.98539,34.28636],[78.97619,34.30917],[78.95694,34.33996],[78.95118,34.34917],[78.92214,34.3723],[78.88586,34.38576],[78.83925,34.39689],[78.80173,34.41501],[78.75068,34.47128],[78.66458,34.52642],[78.60733,34.54647],[78.37943,34.57867],[78.3353,34.59438],[78.29603,34.62466],[78.27319,34.65887],[78.21138,34.84826],[78.20249,34.86573],[78.16218,34.90883],[78.14813,34.94314],[78.13924,35.01895],[78.13004,35.05543],[78.0364,35.19424],[78.00116,35.26891],[78.00984,35.34746],[78.03806,35.3981],[78.05563,35.45288],[78.04426,35.49163],[77.98586,35.49417],[77.95786,35.48207],[77.91269,35.44099],[77.88313,35.43107],[77.85709,35.4366],[77.83425,35.45215],[77.81533,35.47334],[77.80035,35.49541],[77.77358,35.49897],[77.76035,35.49809],[77.74743,35.49432],[77.71673,35.47541],[77.68966,35.46269],[77.66061,35.4581],[77.51961,35.47744],[77.5122,35.47846],[77.47644,35.47716],[77.41277,35.46941],[77.38373,35.472],[77.352,35.48605],[77.30539,35.51783],[77.2811,35.52801],[77.25082,35.5307],[77.17754,35.52316],[77.14127,35.52538],[77.1053,35.53799],[77.09228,35.54781],[77.07109,35.57101],[77.05817,35.5801],[77.03905,35.58501],[77.01755,35.5846],[76.97642,35.57866],[76.9358,35.57964],[76.91503,35.58315],[76.89642,35.58961],[76.88051,35.60067],[76.85694,35.62858],[76.84299,35.64129],[76.82459,35.6478],[76.78284,35.64573],[76.77735,35.64611],[76.76341,35.64708],[76.74542,35.65503],[76.73292,35.66661],[76.70904,35.69405],[76.67669,35.71379],[76.60424,35.7357],[76.57076,35.75126],[76.55112,35.78402],[76.56528,35.86546],[76.55546,35.89786],[76.53717,35.90251],[76.50017,35.87151],[76.4765,35.86525],[76.45397,35.86479],[76.44291,35.86329],[76.43206,35.8605],[76.42245,35.8543],[76.41035,35.83683],[76.40312,35.83099],[76.3841,35.8282],[76.36643,35.83089],[76.34886,35.83099],[76.31196,35.80965],[76.29656,35.80949],[76.28054,35.81425],[76.26039,35.81781],[76.23713,35.81549],[76.1898,35.805],[76.16603,35.80624],[76.13812,35.82665],[76.12779,35.8621],[76.12376,35.90349],[76.11466,35.94179],[76.08996,35.97812],[76.06143,35.9916],[75.98433,35.99563],[75.95302,36.00726],[75.92232,36.03165],[75.9,36.06348],[75.89431,36.09738],[75.90144,36.11361],[75.91457,36.12389],[75.96418,36.14984],[75.97152,36.155],[75.97658,36.16276],[75.97741,36.17376],[75.96914,36.19169],[75.97007,36.20234],[75.9834,36.21541],[76.00159,36.22213],[76.01441,36.2304],[76.01193,36.24812],[76.0017,36.26146],[75.97658,36.28699],[75.96883,36.30197],[75.96862,36.34181],[75.98743,36.42119],[75.98108,36.44544],[75.97681,36.46176],[75.97658,36.46263],[75.87478,36.61947],[75.84977,36.64474],[75.79055,36.68784],[75.72874,36.72319],[75.64978,36.75404],[75.57051,36.76675],[75.50798,36.74763],[75.50188,36.73797],[75.49888,36.72763],[75.49258,36.72071],[75.43191,36.72293],[75.41052,36.74732],[75.40339,36.78478],[75.40142,36.82587],[75.3945,36.86426],[75.37796,36.89429],[75.3513,36.91578],[75.31347,36.92875],[75.19513,36.94888],[75.16123,36.9642],[75.13281,36.98469],[75.11855,36.99123],[75.10015,36.99413],[75.01447,36.98449],[74.97685,36.98428],[74.94233,36.97699],[74.92497,36.97087],[74.9105,36.96255],[74.90078,36.94992],[74.892,36.92098],[74.8858,36.91144],[74.87236,36.9071],[74.86678,36.91656],[74.86089,36.94689],[74.85324,36.95899],[74.82451,36.99413],[74.8243,36.99413],[74.79257,37.01516],[74.71919,37.01645],[74.69222,37.03588],[74.67795,37.05169],[74.66245,37.05448],[74.62607,37.04275],[74.56178,37.02968],[74.54235,37.02167],[74.5192,37.03025],[74.50577,37.04704],[74.49409,37.06647],[74.47662,37.08314],[74.4144,37.10784],[74.38257,37.12657],[74.36614,37.14776],[74.36831,37.16706],[74.38226,37.17205],[74.42029,37.16807],[74.44158,37.17055],[74.45667,37.17732],[74.46763,37.18993],[74.47662,37.21006],[74.48727,37.22595],[74.50008,37.23163],[74.53223,37.2322],[74.57594,37.24215],[74.59,37.24336],[74.59651,37.24075],[74.60902,37.23018],[74.61501,37.22837],[74.62328,37.2308],[74.62721,37.23432],[74.63,37.2383],[74.64302,37.24837],[74.64633,37.25483],[74.65098,37.25964],[74.67092,37.26134],[74.6763,37.26372],[74.69893,37.28031],[74.70937,37.29083],[74.72146,37.29778],[74.73738,37.29612],[74.744,37.2884],[74.78327,37.21967],[74.79402,37.21393],[74.81314,37.21543],[74.89231,37.23111],[74.91267,37.23899],[74.92373,37.25519],[74.93292,37.27251],[74.95153,37.28129],[74.9754,37.28429],[75.06842,37.31214],[75.0771,37.32421],[75.07958,37.36123],[75.09178,37.37844],[75.11524,37.3878],[75.16412,37.40064],[75.1325,37.41849],[75.10397,37.44061],[75.05343,37.49384],[75.03586,37.50639],[74.94522,37.54856],[74.91504,37.57073],[74.89189,37.5992],[74.88218,37.63442],[74.88611,37.65347],[74.89706,37.66757],[74.91091,37.68023],[74.92362,37.69532],[74.92693,37.70359],[74.92879,37.71243],[74.93189,37.72157],[74.93861,37.73082],[74.95442,37.74772],[74.96176,37.75808],[74.96517,37.76746],[74.96145,37.78547],[74.94925,37.79532],[74.8984,37.81759],[74.89117,37.82304],[74.88611,37.83056],[74.88321,37.84387],[74.88735,37.84893],[74.89458,37.85211],[74.91163,37.87376],[74.9137,37.88084],[74.90523,37.88694],[74.89396,37.89226],[74.89076,37.89771],[74.89117,37.90425],[74.88879,37.93092],[74.89282,37.99401],[74.88042,38.02166],[74.80993,38.05321],[74.79071,38.08145],[74.77128,38.19627],[74.77107,38.29154],[74.77479,38.30963],[74.7843,38.32567],[74.82668,38.36322],[74.83825,38.37942],[74.84414,38.39776],[74.84435,38.41724],[74.83712,38.44574],[74.83577,38.45517],[74.83288,38.46365],[74.82616,38.46964],[74.80849,38.47765],[74.80125,38.48282],[74.79226,38.49385],[74.79216,38.49403],[74.77634,38.51067],[74.76033,38.51998],[74.74203,38.52308],[74.71909,38.52153],[74.69645,38.52398],[74.67961,38.53491],[74.66431,38.54902],[74.64612,38.56111],[74.47662,38.61206],[74.3342,38.66699],[74.31343,38.66922],[74.24377,38.6502],[74.22144,38.64971],[74.20201,38.65232],[74.14041,38.66922],[74.12336,38.66948],[74.1091,38.66229],[74.09504,38.64576],[74.09267,38.63769],[74.09287,38.62875],[74.09143,38.62043],[74.0844,38.61403],[74.04492,38.60346],[74.03727,38.59847],[74.0381,38.57922],[74.05081,38.56266],[74.05877,38.54703],[74.04554,38.53041],[74.0289,38.52724],[73.93288,38.52966],[73.91728,38.53708],[73.8871,38.55904],[73.86973,38.56679],[73.83356,38.57796],[73.8164,38.58659],[73.79739,38.60284],[73.7886,38.61857],[73.77909,38.6602],[73.77227,38.67462],[73.73641,38.72167],[73.73269,38.73717],[73.73899,38.7811],[73.73589,38.80042],[73.72494,38.81456],[73.69579,38.84011],[73.6837,38.85494],[73.6808,38.87298],[73.68897,38.89109],[73.70292,38.90703],[73.71718,38.91858],[73.73992,38.92693],[73.78788,38.92708],[73.80958,38.93266],[73.82395,38.94494],[73.82912,38.96016],[73.82612,38.9769],[73.81599,38.99377],[73.80162,39.00144],[73.76865,39.02992],[73.70933,39.06547],[73.69817,39.07842],[73.69186,39.09446],[73.68297,39.12875],[73.67378,39.14262],[73.6314,39.1751],[73.60784,39.20732],[73.60226,39.23577],[73.61011,39.26546],[73.64132,39.33527],[73.6438,39.35129],[73.64256,39.37176],[73.63192,39.42881],[73.63264,39.44834],[73.82074,39.46819],[73.83831,39.47568],[73.84803,39.48974],[73.85919,39.52426],[73.87046,39.54679],[73.88307,39.5612],[73.89929,39.57154],[73.92162,39.58213],[73.92678,39.59288],[73.90425,39.64647],[73.8996,39.68946],[73.8935,39.71039],[73.87935,39.72791],[73.85991,39.73716],[73.84307,39.74037],[73.82953,39.74698],[73.81981,39.76672],[73.81857,39.78605],[73.82302,39.80569],[73.83201,39.82372],[73.8441,39.83809],[73.87294,39.85684],[73.88069,39.86501],[73.88544,39.87653],[73.89319,39.91813],[73.90756,39.93787],[73.9273,39.95332],[73.94404,39.97007],[73.94973,39.99368],[73.95211,40.00826],[73.95789,40.02143],[73.96637,40.03327],[73.9767,40.0436],[74.00399,40.06081],[74.06951,40.06779],[74.10124,40.07885],[74.13287,40.09533],[74.1676,40.10639],[74.20315,40.10985],[74.23788,40.10391],[74.27229,40.09383],[74.30289,40.09006],[74.33379,40.09373],[74.36986,40.10582],[74.47662,40.17243],[74.5654,40.24695],[74.59868,40.26617],[74.63765,40.28199],[74.65439,40.29155],[74.70575,40.33129],[74.72467,40.33754],[74.74668,40.33651],[74.83092,40.31992],[74.86213,40.32617],[74.85386,40.35883],[74.84166,40.37206],[74.79464,40.40555],[74.7874,40.42074],[74.79464,40.44074],[74.80704,40.46177],[74.8151,40.48011],[74.81603,40.48368],[74.82006,40.49396],[74.83231,40.50812],[74.83536,40.51164],[74.85644,40.51319],[74.87918,40.50507],[74.9661,40.45929],[75.00238,40.4473],[75.03907,40.4411],[75.06439,40.44384],[75.11317,40.46079],[75.13808,40.46389],[75.15658,40.45815],[75.17529,40.44813],[75.19389,40.44125],[75.21249,40.44472],[75.22014,40.45298],[75.22397,40.46244],[75.22924,40.47035],[75.24154,40.47407],[75.25332,40.47598],[75.26324,40.48017],[75.48183,40.61411],[75.52379,40.63318],[75.55986,40.63287],[75.58766,40.61194],[75.60565,40.56941],[75.61082,40.51288],[75.61795,40.49396],[75.62901,40.4813],[75.65722,40.4611],[75.66694,40.45025],[75.66931,40.43237],[75.6596,40.41908],[75.64637,40.40534],[75.63831,40.38611],[75.64017,40.3673],[75.65629,40.32307],[75.66487,40.30571],[75.68182,40.2917],[75.70445,40.29315],[75.75055,40.30834],[75.77205,40.31015],[75.79375,40.30891],[75.85855,40.29635],[75.88046,40.29527],[75.90186,40.29888],[75.92149,40.30912],[75.93803,40.32622],[75.9493,40.34307],[75.96242,40.35733],[76.05162,40.3902],[76.07611,40.39195],[76.09523,40.38736],[76.13254,40.37154],[76.15135,40.36813],[76.18504,40.3842],[76.21543,40.41655],[76.24416,40.4412],[76.27341,40.43412],[76.28333,40.41728],[76.29935,40.35568],[76.31351,40.34333],[76.33015,40.34808],[76.36198,40.3719],[76.44911,40.41552],[76.4765,40.43614],[76.49893,40.46461],[76.53117,40.53499],[76.55639,40.56569],[76.60941,40.59711],[76.62078,40.61132],[76.62419,40.62755],[76.63081,40.72888],[76.64786,40.76485],[76.67421,40.79544],[76.70729,40.81761],[76.74687,40.83446],[76.76248,40.84702],[76.77085,40.86712],[76.76837,40.88701],[76.76093,40.9066],[76.75741,40.92577],[76.76682,40.94469],[76.78397,40.95714],[76.82087,40.97781],[76.83493,40.99352],[76.86097,41.01321],[76.90014,41.02577],[77.00773,41.04421],[77.03502,41.04034],[77.08856,41.01956],[77.11884,41.01166],[77.24317,41.00566],[77.30115,41.01931],[77.33298,41.02065],[77.3888,41.01166],[77.44523,40.99367],[77.47489,40.98205],[77.50352,40.98107],[77.58072,40.99771],[77.63178,40.99579],[77.65028,40.99714],[77.66557,41.00127],[77.79756,41.0547],[77.83104,41.06297],[77.8667,41.06406],[77.99765,41.0498],[78.03651,41.0361],[78.05718,41.03434],[78.07495,41.03951],[78.17603,41.1055],[78.1905,41.11775],[78.20446,41.13372],[78.23134,41.17286],[78.25034,41.20054],[78.27536,41.22885],[78.29158,41.24079],[78.33148,41.25872],[78.34946,41.2704],[78.35969,41.28746],[78.3569,41.30554],[78.33933,41.34404],[78.34347,41.36202],[78.3599,41.37753],[78.37768,41.38662],[78.41757,41.40047],[78.51038,41.45442],[78.58397,41.466],[78.61921,41.47809],[78.62913,41.48796],[78.6374,41.51287],[78.64505,41.52372],[78.65828,41.53245],[78.67213,41.53845],[78.80731,41.57845],[78.89744,41.62627],[78.91583,41.63317],[78.97619,41.6418],[79.08874,41.70255],[79.12791,41.7143],[79.17453,41.72262],[79.19592,41.72952],[79.2,41.73173],[79.2,31.36062],[79.19244,31.36979],[79.17922,31.3938],[79.15769,31.41493],[79.1314,31.43843],[79.07799,31.46166],[79.07021,31.46138],[79.04994,31.42295],[79.01553,31.3834],[78.9888,31.34326],[78.95955,31.32512],[78.94028,31.30158],[78.92101,31.26969],[78.88697,31.28417],[78.86199,31.29148],[78.84865,31.29091],[78.82199,31.2937],[78.79605,31.28812],[78.78447,31.28827],[78.75316,31.30197],[78.74509,31.30812],[78.74086,31.31773],[78.73848,31.33499],[78.74551,31.37354],[78.76008,31.41204],[78.76256,31.44511],[78.733,31.46774],[78.69538,31.4881],[78.69952,31.51002],[78.79698,31.57885],[78.81403,31.59502],[78.81889,31.60737],[78.79532,31.63378],[78.75812,31.6666],[78.73982,31.66603],[78.73135,31.66804],[78.72401,31.67331],[78.71843,31.6806],[78.71047,31.69817],[78.69807,31.71104],[78.69321,31.71853],[78.69259,31.7284],[78.69518,31.73796],[78.69559,31.74669],[78.67089,31.77052],[78.67409,31.78695],[78.70034,31.82168],[78.70665,31.8408],[78.71419,31.88302],[78.72019,31.90291],[78.74199,31.94534],[78.74458,31.9642],[78.73383,31.98466],[78.72215,31.99459],[78.67833,32.01675],[78.64929,32.03644],[78.55182,32.15039],[78.53498,32.18134],[78.51307,32.20757],[78.47648,32.22442],[78.46902,32.22653],[78.46854,32.22667],[78.45798,32.22966],[78.45633,32.24212],[78.46139,32.26015],[78.46273,32.2818],[78.43886,32.3733],[78.43597,32.37797],[78.43452,32.38376],[78.43638,32.39616],[78.44144,32.40495],[78.44816,32.41066],[78.45219,32.41678],[78.44878,32.42678],[78.4092,32.47662],[78.38098,32.52804],[78.38481,32.54755],[78.40816,32.55838],[78.44754,32.56626],[78.58986,32.56993],[78.63017,32.57801],[78.64774,32.58597],[78.66489,32.59902],[78.69445,32.62966],[78.71326,32.63752],[78.73683,32.62984],[78.75099,32.61279],[78.74913,32.59587],[78.74065,32.57868],[78.73497,32.56065],[78.73693,32.54579],[78.75471,32.49381],[78.77145,32.46166],[78.85568,32.40045],[78.88152,32.37627],[78.91129,32.35474],[78.94343,32.34637],[78.97619,32.36162],[78.98983,32.3641],[79.01474,32.37399],[79.02818,32.37709],[79.03965,32.37598],[79.06632,32.37007],[79.07531,32.37079],[79.09174,32.39056],[79.1029,32.44986],[79.11293,32.47239],[79.13287,32.48546],[79.1614,32.49647],[79.19117,32.50427],[79.2,32.50561],[79.2,33.2922],[79.15021,33.29255],[79.12504,33.2902],[79.09803,33.28765],[79.07505,33.29574],[79.05328,33.30787],[79.02304,33.31798],[78.99345,33.33078],[78.96499,33.34425],[78.91769,33.38626]]]]}},{"type":"Feature","properties":{"iso3":"IND"},"geometry":{"type":"MultiPolygon","coordinates":[[[[77.80035,35.49541],[77.81533,35.47334],[77.83425,35.45215],[77.85709,35.4366],[77.88313,35.43107],[77.91269,35.44099],[77.95786,35.48207],[77.98586,35.49417],[78.04426,35.49163],[78.05563,35.45288],[78.03806,35.3981],[78.00984,35.34746],[78.00116,35.26891],[78.0364,35.19424],[78.13004,35.05543],[78.13924,35.01895],[78.14813,34.94314],[78.16218,34.90883],[78.20249,34.86573],[78.21138,34.84826],[78.27319,34.65887],[78.29603,34.62466],[78.3353,34.59438],[78.37943,34.57867],[78.60733,34.54647],[78.66458,34.52642],[78.75068,34.47128],[78.80173,34.41501],[78.83925,34.39689],[78.88586,34.38576],[78.92214,34.3723],[78.95118,34.34917],[78.95694,34.33996],[78.97619,34.30917],[78.98539,34.28636],[78.98849,34.26313],[78.98549,34.2399],[78.97619,34.21716],[78.90322,34.15812],[78.80607,34.12298],[78.73011,34.07926],[78.72112,33.99439],[78.77031,33.87235],[78.78726,33.80843],[78.79408,33.74391],[78.78137,33.55279],[78.80091,33.49424],[78.82426,33.46106],[78.91595,33.38766],[78.91769,33.38626],[78.96499,33.34425],[78.99345,33.33078],[79.02304,33.31798],[79.05328,33.30787],[79.07505,33.29574],[79.09803,33.28765],[79.12504,33.2902],[79.15021,33.29255],[79.2,33.2922],[79.2,32.50561],[79.19117,32.50427],[79.1614,32.49647],[79.13287,32.48546],[79.11293,32.47239],[79.1029,32.44986],[79.09174,32.39056],[79.07531,32.37079],[79.06632,32.37007],[79.03965,32.37598],[79.02818,32.37709],[79.01474,32.37399],[78.98983,32.3641],[78.97619,32.36162],[78.94343,32.34637],[78.91129,32.35474],[78.88152,32.37627],[78.85568,32.40045],[78.77145,32.46166],[78.75471,32.49381],[78.73693,32.54579],[78.73497,32.56065],[78.74065,32.57868],[78.74913,32.59587],[78.75099,32.61279],[78.73683,32.62984],[78.71326,32.63752],[78.69445,32.62966],[78.66489,32.59902],[78.64774,32.58597],[78.63017,32.57801],[78.58986,32.56993],[78.44754,32.56626],[78.40816,32.55838],[78.38481,32.54755],[78.38098,32.52804],[78.4092,32.47662],[78.44878,32.42678],[78.45219,32.41678],[78.44816,32.41066],[78.44144,32.40495],[78.43638,32.39616],[78.43452,32.38376],[78.43597,32.37797],[78.43886,32.3733],[78.46273,32.2818],[78.46139,32.26015],[78.45633,32.24212],[78.45798,32.22966],[78.46854,32.22667],[78.46902,32.22653],[78.47648,32.22442],[78.51307,32.20757],[78.53498,32.18134],[78.55182,32.15039],[78.64929,32.03644],[78.67833,32.01675],[78.72215,31.99459],[78.73383,31.98466],[78.74458,31.9642],[78.74199,31.94534],[78.72019,31.90291],[78.71419,31.88302],[78.70665,31.8408],[78.70034,31.82168],[78.67409,31.78695],[78.67089,31.77052],[78.69559,31.74669],[78.69518,31.73796],[78.69259,31.7284],[78.69321,31.71853],[78.69807,31.71104],[78.71047,31.69817],[78.71843,31.6806],[78.72401,31.67331],[78.73135,31.66804],[78.73982,31.66603],[78.75812,31.6666],[78.79532,31.63378],[78.81889,31.60737],[78.81403,31.59502],[78.79698,31.57885],[78.69952,31.51002],[78.69538,31.4881],[78.733,31.46774],[78.76256,31.44511],[78.76008,31.41204],[78.74551,31.37354],[78.73848,31.33499],[78.74086,31.31773],[78.74509,31.30812],[78.75316,31.30197],[78.78447,31.28827],[78.79605,31.28812],[78.82199,31.2937],[78.84865,31.29091],[78.86199,31.29148],[78.88697,31.28417],[78.92101,31.26969],[78.94028,31.30158],[78.95955,31.32512],[78.9888,31.34326],[79.01553,31.3834],[79.04994,31.42295],[79.07021,31.46138],[79.07799,31.46166],[79.1314,31.43843],[79.15769,31.41493],[79.17922,31.3938],[79.19244,31.36979],[79.2,31.36062],[79.2,25.4],[70.65371,25.4],[70.64662,25.43137],[70.65282,25.54588],[70.65747,25.63363],[70.65386,25.67445],[70.63231,25.70138],[70.59226,25.70882],[70.55443,25.69879],[70.51666,25.68386],[70.47723,25.67632],[70.36013,25.67347],[70.3037,25.68458],[70.26458,25.6973],[70.24923,25.70768],[70.23445,25.73099],[70.21399,25.78633],[70.19559,25.80695],[70.15425,25.83941],[70.11498,25.88173],[70.08325,25.92994],[70.06464,25.98033],[70.06428,25.99552],[70.07291,26.04746],[70.07389,26.08311],[70.07829,26.09965],[70.13203,26.18047],[70.14691,26.21742],[70.15161,26.25406],[70.14402,26.29431],[70.14247,26.31369],[70.14795,26.33323],[70.15714,26.354],[70.1605,26.37131],[70.15699,26.41095],[70.16293,26.49332],[70.15807,26.53011],[70.1296,26.56251],[70.09368,26.58039],[70.05606,26.58908],[69.81556,26.58029],[69.77226,26.59507],[69.70022,26.653],[69.6594,26.6777],[69.50416,26.73517],[69.47284,26.76658],[69.46509,26.80777],[69.48597,26.92683],[69.50757,27.05008],[69.53444,27.12558],[69.57558,27.18842],[69.66611,27.27002],[69.73061,27.31032],[69.84802,27.41037],[69.90806,27.49729],[69.99354,27.57108],[70.01689,27.60059],[70.09069,27.79355],[70.10195,27.81174],[70.18903,27.89179],[70.199,27.90096],[70.26773,27.94527],[70.32385,28.00044],[70.34194,28.01147],[70.35951,28.01633],[70.39827,28.02165],[70.43692,28.03534],[70.45625,28.03979],[70.47723,28.03726],[70.50679,28.02896],[70.5349,28.01597],[70.55981,27.99845],[70.59288,27.9645],[70.6212,27.94414],[70.63319,27.93163],[70.64161,27.91127],[70.63763,27.87422],[70.64073,27.85479],[70.67174,27.7911],[70.71039,27.74115],[70.76176,27.70978],[70.83157,27.70146],[70.91379,27.71782],[71.02758,27.76805],[71.15067,27.82241],[71.22633,27.84536],[71.31144,27.86171],[71.39779,27.86838],[71.47711,27.86243],[71.56073,27.86853],[71.70139,27.90677],[71.86086,27.95021],[71.8744,27.95969],[71.87998,27.97491],[71.89156,28.0971],[71.89693,28.11555],[71.9083,28.13557],[71.98819,28.2281],[72.11098,28.31763],[72.14994,28.35377],[72.17764,28.39705],[72.19779,28.44488],[72.2565,28.64559],[72.28027,28.68716],[72.35458,28.76719],[72.38218,28.78401],[72.52563,28.84992],[72.65854,28.911],[72.77254,28.96335],[72.90152,29.02262],[72.91816,29.03285],[72.93036,29.04769],[72.96292,29.11683],[72.98865,29.15463],[73.05087,29.22822],[73.1289,29.3603],[73.17799,29.44345],[73.23287,29.5366],[73.28476,29.68374],[73.32744,29.80521],[73.37033,29.92732],[73.38522,29.94231],[73.55781,30.01254],[73.73972,30.04845],[73.77827,30.06731],[73.94435,30.18829],[73.94683,30.20408],[73.9489,30.21728],[73.93464,30.26105],[73.9119,30.30378],[73.89164,30.32978],[73.84235,30.35298],[73.84524,30.35696],[73.85175,30.37267],[73.86767,30.38745],[73.88761,30.39654],[73.90611,30.39484],[73.90425,30.40145],[73.90208,30.41561],[73.89991,30.42212],[73.91666,30.41716],[73.92926,30.41907],[73.93908,30.42605],[73.98983,30.4878],[73.99603,30.50098],[74.0044,30.50894],[74.04409,30.51866],[74.05753,30.53137],[74.06145,30.5556],[74.05825,30.57447],[74.05711,30.59157],[74.06745,30.61054],[74.08223,30.62588],[74.09587,30.63715],[74.11148,30.64624],[74.13266,30.65549],[74.15571,30.65958],[74.16367,30.6649],[74.16677,30.67911],[74.17008,30.68717],[74.18465,30.69684],[74.19116,30.71704],[74.19881,30.725],[74.21514,30.73745],[74.23571,30.76412],[74.24408,30.77125],[74.25917,30.78102],[74.26671,30.78835],[74.26578,30.79543],[74.25669,30.81528],[74.2602,30.81941],[74.27994,30.82468],[74.3002,30.83817],[74.31136,30.85595],[74.30402,30.87403],[74.31074,30.88447],[74.31922,30.89341],[74.32976,30.89961],[74.34247,30.90194],[74.35363,30.90111],[74.37968,30.8945],[74.40128,30.8931],[74.40913,30.90101],[74.41337,30.91507],[74.42432,30.93232],[74.44158,30.94617],[74.45853,30.95341],[74.47724,30.9561],[74.49946,30.95651],[74.51931,30.96245],[74.53481,30.97625],[74.54876,30.99217],[74.56406,31.00436],[74.56426,31.02503],[74.57946,31.04271],[74.60096,31.05661],[74.65883,31.08379],[74.65025,31.09314],[74.63196,31.10751],[74.61697,31.11526],[74.59692,31.11578],[74.5531,31.10895],[74.53677,31.11516],[74.52354,31.12932],[74.51486,31.14182],[74.50959,31.15608],[74.50639,31.17541],[74.50907,31.19567],[74.52509,31.23541],[74.5253,31.28021],[74.53223,31.30321],[74.5716,31.38925],[74.5837,31.40656],[74.60002,31.42413],[74.61191,31.4402],[74.61718,31.45891],[74.6146,31.47782],[74.58452,31.51751],[74.55558,31.61223],[74.49946,31.69987],[74.48944,31.71119],[74.49264,31.71455],[74.50329,31.73057],[74.50546,31.73202],[74.51331,31.73512],[74.51621,31.73739],[74.51827,31.74184],[74.52117,31.75377],[74.52303,31.75848],[74.53078,31.76783],[74.53512,31.77114],[74.53698,31.77574],[74.53739,31.78891],[74.5408,31.81088],[74.55042,31.827],[74.56561,31.84054],[74.64106,31.89056],[74.65718,31.89568],[74.66999,31.90415],[74.69842,31.95025],[74.76301,31.93898],[74.78368,31.94286],[74.80249,31.96885],[74.81128,32.00373],[74.82864,32.02544],[74.87319,32.01169],[74.8891,32.0289],[74.90884,32.0319],[74.93137,32.02983],[74.95566,32.03221],[74.96786,32.03789],[74.97406,32.04497],[74.9785,32.05339],[74.98615,32.06321],[74.99556,32.0674],[75.02015,32.06585],[75.03018,32.06642],[75.02263,32.09468],[75.04082,32.09799],[75.10211,32.07809],[75.11028,32.07763],[75.11896,32.08104],[75.12981,32.09024],[75.13839,32.09349],[75.16133,32.08796],[75.17415,32.08683],[75.17312,32.10972],[75.19575,32.12863],[75.22645,32.14207],[75.24991,32.14889],[75.26334,32.15091],[75.29466,32.14889],[75.29807,32.1598],[75.30841,32.1939],[75.31657,32.21075],[75.34861,32.24201],[75.35905,32.26168],[75.35295,32.28439],[75.32691,32.31247],[75.2984,32.33243],[75.23017,32.3802],[75.19616,32.3973],[75.12599,32.41174],[75.09219,32.42934],[75.05488,32.45554],[75.02367,32.46626],[74.9907,32.46337],[74.94843,32.44877],[74.90698,32.44518],[74.83815,32.47487],[74.79939,32.47267],[74.76353,32.46267],[74.72498,32.46081],[74.68932,32.47135],[74.66255,32.49838],[74.63258,32.56817],[74.62958,32.58809],[74.63692,32.60625],[74.64798,32.62362],[74.65604,32.64067],[74.65728,32.66059],[74.65015,32.70124],[74.64974,32.72315],[74.65697,32.74534],[74.68229,32.78733],[74.68912,32.80883],[74.68529,32.83123],[74.67175,32.84058],[74.65356,32.83743],[74.63589,32.82208],[74.62628,32.80265],[74.62204,32.78542],[74.61408,32.7704],[74.59341,32.75787],[74.57377,32.75255],[74.52096,32.74529],[74.50091,32.74601],[74.48448,32.75353],[74.45533,32.77859],[74.43869,32.78598],[74.41895,32.78461],[74.38639,32.76777],[74.36769,32.76353],[74.34619,32.76689],[74.32934,32.77642],[74.31632,32.79107],[74.3065,32.80991],[74.31594,32.82175],[74.31699,32.82307],[74.32294,32.83053],[74.33379,32.84926],[74.33668,32.87014],[74.32449,32.9214],[74.32201,32.97205],[74.31126,32.99429],[74.28397,33.00881],[74.19085,33.02209],[74.15385,33.04018],[74.09845,33.10483],[74.06579,33.1326],[74.02941,33.15415],[74.00234,33.17769],[73.98849,33.20862],[73.99179,33.25257],[74.00172,33.27017],[74.01784,33.27949],[74.05536,33.29203],[74.072,33.30228],[74.08512,33.31432],[74.09597,33.32848],[74.10548,33.3452],[74.13628,33.41801],[74.15778,33.49424],[74.14155,33.54937],[74.08812,33.58529],[74.02425,33.61425],[73.9767,33.64839],[73.96833,33.66208],[73.96306,33.67676],[73.96079,33.69229],[73.96306,33.72156],[73.96616,33.73453],[73.97071,33.74706],[73.9767,33.75892],[74.01133,33.81047],[74.03458,33.82861],[74.14228,33.84424],[74.17752,33.85755],[74.21255,33.87842],[74.23953,33.90101],[74.26247,33.92995],[74.27229,33.96214],[74.25968,33.99439],[74.22837,34.01289],[74.19209,34.01185],[74.15426,34.0041],[74.1184,34.00253],[74.06528,34.01834],[74.04502,34.01942],[73.9767,34.00459],[73.9458,34.00979],[73.91624,34.02795],[73.89371,34.0543],[73.88441,34.0842],[73.8933,34.11474],[73.91686,34.13526],[73.9767,34.16156],[73.99541,34.17644],[73.9983,34.1968],[73.99055,34.21851],[73.9767,34.23755],[73.95438,34.28718],[73.93774,34.30421],[73.90746,34.3068],[73.87904,34.30429],[73.8533,34.30742],[73.82912,34.31535],[73.80421,34.32749],[73.78271,34.34682],[73.77486,34.37095],[73.77982,34.39607],[73.79625,34.41855],[73.80679,34.42516],[73.8316,34.4364],[73.84038,34.44441],[73.84555,34.45648],[73.847,34.49417],[73.847,34.49433],[73.86312,34.51707],[73.91097,34.54497],[73.92596,34.56497],[73.92544,34.59339],[73.91748,34.61928],[73.91934,34.64254],[73.94859,34.66274],[73.96223,34.66817],[74.12088,34.69086],[74.14682,34.70186],[74.22175,34.74775],[74.28583,34.76889],[74.34888,34.77343],[74.41213,34.76449],[74.66493,34.68832],[75.01778,34.62972],[75.111,34.63365],[75.17632,34.64538],[75.21291,34.64497],[75.22454,34.63862],[75.23689,34.63189],[75.25135,34.61308],[75.26748,34.5983],[75.30696,34.57401],[75.34809,34.55722],[75.61164,34.49836],[75.65557,34.49697],[75.71365,34.50851],[75.73484,34.50862],[75.77711,34.50381],[75.79582,34.50792],[75.81618,34.52167],[75.87395,34.57138],[75.93927,34.61205],[75.96625,34.61908],[75.97338,34.62233],[75.98671,34.63603],[76.00748,34.66512],[76.0234,34.67716],[76.05833,34.68341],[76.12179,34.66088],[76.15497,34.66166],[76.26204,34.68465],[76.39991,34.75075],[76.43816,34.76289],[76.4765,34.75778],[76.51991,34.73111],[76.53582,34.7262],[76.55319,34.72584],[76.63959,34.74114],[76.65261,34.74698],[76.74387,34.81927],[76.75328,34.83834],[76.74956,34.89208],[76.75762,34.91513],[76.78201,34.93089],[76.81705,34.94076],[76.8526,34.94335],[76.87958,34.93709],[76.90593,34.92314],[76.92112,34.92071],[76.93384,34.92888],[76.95296,34.94655],[77.01311,34.98639],[77.02861,35.00339],[77.03523,35.0345],[77.02706,35.0621],[77.02313,35.08633],[77.04243,35.10701],[77.04897,35.11044],[77.42466,35.30292],[77.80035,35.49541]]]]}},{"type":"Feature","properties":{"iso3":"IRN","nameFr":"Iran"},"geometry":{"type":"MultiPolygon","coordinates":[[[[55.2,37.96505],[55.20741,37.96616],[55.21971,37.96998],[55.2288,37.9858],[55.25051,37.99541],[55.29609,38.00755],[55.30746,38.00879],[55.32813,38.02212],[55.3488,38.0305],[55.42311,38.07589],[55.4474,38.08367],[55.51096,38.08584],[55.70867,38.11866],[55.73844,38.1186],[55.80035,38.1078],[55.83941,38.08992],[55.85409,38.086],[55.90504,38.08558],[55.92189,38.08145],[55.94907,38.07008],[55.96302,38.06651],[55.97842,38.06589],[56.12146,38.08646],[56.16187,38.08238],[56.16674,38.08079],[56.19784,38.07065],[56.21407,38.06884],[56.29975,38.08023],[56.31546,38.08946],[56.32548,38.10522],[56.329,38.12377],[56.32424,38.14114],[56.29706,38.16579],[56.30336,38.17943],[56.36641,38.22552],[56.4001,38.24413],[56.43648,38.25508],[56.52816,38.25741],[56.54521,38.2541],[56.55916,38.24738],[56.57177,38.2395],[56.58521,38.23457],[56.60133,38.23687],[56.68153,38.26462],[56.72938,38.27105],[56.739,38.2696],[56.77817,38.24449],[56.81238,38.22896],[56.82788,38.22495],[56.97836,38.20273],[57.01805,38.18981],[57.03841,38.18728],[57.0565,38.19524],[57.07045,38.20506],[57.1028,38.22201],[57.11468,38.23211],[57.13484,38.25973],[57.13791,38.26236],[57.14662,38.26981],[57.16398,38.27648],[57.17494,38.27756],[57.18589,38.27648],[57.20729,38.27074],[57.21835,38.26508],[57.22114,38.2586],[57.22155,38.25115],[57.22579,38.24237],[57.24884,38.21152],[57.26692,38.1769],[57.2786,38.16294],[57.31136,38.13501],[57.32294,38.10512],[57.34433,38.08106],[57.34929,38.06357],[57.34681,38.04693],[57.32707,37.99412],[57.3524,37.96753],[57.49626,37.92231],[57.51208,37.92407],[57.52768,37.92784],[57.54463,37.92999],[57.56137,37.92823],[57.61233,37.9166],[57.66111,37.91743],[57.6761,37.92048],[57.69119,37.92027],[57.70462,37.91371],[57.71713,37.90508],[57.72994,37.89864],[57.73483,37.89827],[57.73842,37.898],[57.75475,37.90102],[57.76302,37.89939],[57.77004,37.89389],[57.77914,37.87877],[57.78503,37.87257],[57.80002,37.86764],[57.81645,37.86865],[57.8333,37.87175],[57.84952,37.87273],[57.88415,37.86534],[58.04093,37.8057],[58.10687,37.79343],[58.14056,37.79113],[58.15669,37.78819],[58.17353,37.78162],[58.18118,37.77485],[58.18129,37.76793],[58.17912,37.76077],[58.17994,37.75305],[58.19575,37.72964],[58.19927,37.72219],[58.20185,37.70395],[58.20196,37.6901],[58.20681,37.67873],[58.22387,37.66747],[58.24092,37.66233],[58.31885,37.65305],[58.33146,37.6483],[58.35781,37.63331],[58.37176,37.63037],[58.4623,37.6375],[58.47967,37.64411],[58.4931,37.66067],[58.5023,37.67739],[58.51429,37.69147],[58.52979,37.70039],[58.54932,37.70158],[58.56565,37.69486],[58.61588,37.65951],[58.65909,37.6454],[58.68172,37.64272],[58.70425,37.64463],[58.71293,37.64881],[58.71924,37.65478],[58.72637,37.65938],[58.73774,37.65941],[58.75903,37.65615],[58.76926,37.6568],[58.7798,37.65964],[58.79313,37.67284],[58.79561,37.68773],[58.80109,37.69465],[58.86104,37.66809],[58.93866,37.65393],[58.97814,37.63951],[58.99219,37.63145],[59.00552,37.62801],[59.03457,37.62453],[59.04563,37.61962],[59.07828,37.59275],[59.21171,37.51632],[59.23311,37.51471],[59.28923,37.53518],[59.31228,37.53035],[59.33233,37.51513],[59.35165,37.49384],[59.3563,37.48063],[59.3532,37.45844],[59.3592,37.44751],[59.36199,37.43921],[59.35785,37.43027],[59.35165,37.42043],[59.34835,37.40929],[59.35072,37.38836],[59.37036,37.31943],[59.38204,37.30568],[59.44467,37.26419],[59.46348,37.24744],[59.46937,37.2407],[59.46813,37.23584],[59.46451,37.23246],[59.46307,37.22972],[59.46183,37.223],[59.45883,37.21476],[59.46172,37.2076],[59.47816,37.20414],[59.48467,37.19876],[59.49273,37.1936],[59.5012,37.19021],[59.50947,37.18982],[59.5412,37.19985],[59.55598,37.19778],[59.57273,37.18339],[59.57986,37.16781],[59.58461,37.1489],[59.59154,37.13233],[59.60497,37.12388],[59.61448,37.12549],[59.62151,37.13151],[59.63319,37.14626],[59.64259,37.15024],[59.65324,37.14967],[59.79721,37.11221],[59.86284,37.06782],[59.89953,37.05056],[59.98159,37.03883],[60.01921,37.0258],[60.04887,36.99402],[60.08639,36.93002],[60.13259,36.87341],[60.23852,36.76975],[60.25961,36.74241],[60.28865,36.68107],[60.30922,36.65198],[60.34229,36.63714],[60.50125,36.63947],[60.64108,36.64149],[60.8544,36.64464],[60.97295,36.64634],[61.07548,36.64779],[61.12519,36.64076],[61.16581,36.63632],[61.17397,36.60231],[61.18224,36.58692],[61.18596,36.57767],[61.18761,36.56511],[61.18617,36.55281],[61.18224,36.54165],[61.17686,36.53203],[61.17066,36.52444],[61.16632,36.51384],[61.16798,36.5018],[61.17397,36.48682],[61.15247,36.40631],[61.14669,36.35727],[61.16095,36.32864],[61.15774,36.32466],[61.15619,36.32187],[61.15351,36.31494],[61.16312,36.31158],[61.17108,36.30642],[61.17728,36.30037],[61.18141,36.29448],[61.18544,36.28399],[61.1872,36.27355],[61.18761,36.25035],[61.19092,36.24063],[61.20549,36.2211],[61.22048,36.15893],[61.22306,36.1288],[61.22472,36.12369],[61.22275,36.11754],[61.21221,36.10638],[61.20725,36.0995],[61.20415,36.09056],[61.20239,36.08074],[61.20198,36.0716],[61.19816,36.0608],[61.18968,36.05578],[61.18028,36.05279],[61.17397,36.04803],[61.17108,36.03594],[61.17459,36.01584],[61.17397,36.00649],[61.16178,35.99594],[61.14141,35.98235],[61.12984,35.97052],[61.14359,35.96551],[61.16808,35.96235],[61.18834,35.95357],[61.2058,35.94049],[61.22182,35.92453],[61.23216,35.91068],[61.24105,35.89388],[61.24735,35.87621],[61.2519,35.8404],[61.25552,35.82536],[61.25614,35.80913],[61.24973,35.78671],[61.25614,35.77937],[61.25634,35.7695],[61.24973,35.74578],[61.24901,35.7402],[61.24973,35.72247],[61.24673,35.7155],[61.23309,35.70459],[61.22916,35.6986],[61.23175,35.67188],[61.24539,35.6493],[61.26968,35.6185],[61.27701,35.6092],[61.28756,35.56827],[61.29004,35.54806],[61.28384,35.52729],[61.2705,35.50843],[61.24704,35.48507],[61.23598,35.46585],[61.2273,35.43448],[61.22182,35.42425],[61.20084,35.40115],[61.19505,35.39009],[61.1904,35.36957],[61.19505,35.3181],[61.1871,35.30038],[61.16787,35.29139],[61.144,35.28808],[61.12271,35.28767],[61.10834,35.27795],[61.10245,35.25666],[61.10162,35.23532],[61.10235,35.2256],[61.10793,35.22126],[61.11279,35.21165],[61.11237,35.20204],[61.10235,35.1977],[61.09635,35.1932],[61.10152,35.18323],[61.13707,35.1439],[61.13986,35.13967],[61.1379,35.1283],[61.13521,35.11941],[61.13676,35.11119],[61.14731,35.1021],[61.12312,35.07419],[61.11589,35.05988],[61.10989,35.01854],[61.09532,34.98102],[61.09201,34.96148],[61.08891,34.95192],[61.07475,34.93311],[61.07155,34.92056],[61.07258,34.91033],[61.07703,34.89172],[61.07775,34.88304],[61.07341,34.84769],[61.06545,34.81472],[61.03475,34.80625],[61.02907,34.78971],[61.00964,34.76098],[60.97801,34.74062],[60.95993,34.7232],[60.95869,34.69959],[60.96199,34.67375],[60.95796,34.64941],[60.94752,34.63799],[60.93585,34.63566],[60.92282,34.63654],[60.90887,34.63468],[60.89544,34.62833],[60.88892,34.62166],[60.88386,34.6137],[60.83849,34.57091],[60.81895,34.55991],[60.79405,34.55412],[60.73927,34.54802],[60.71436,34.53743],[60.69968,34.5164],[60.71033,34.51513],[60.71891,34.51115],[60.72532,34.50428],[60.73389,34.48043],[60.74278,34.47345],[60.76728,34.46415],[60.77937,34.45508],[60.78908,34.44348],[60.8049,34.41749],[60.87911,34.33765],[60.89047,34.31891],[60.81596,34.31527],[60.71436,34.31013],[60.64367,34.30664],[60.65059,34.28535],[60.63499,34.27122],[60.58744,34.25026],[60.55241,34.22006],[60.52088,34.18613],[60.49277,34.13903],[60.48678,34.09428],[60.48846,34.08093],[60.49939,33.99426],[60.52802,33.84145],[60.52585,33.80215],[60.49494,33.74412],[60.48688,33.71138],[60.51179,33.63839],[60.57483,33.5878],[60.65555,33.55989],[60.73389,33.55485],[60.80738,33.55816],[60.84603,33.55578],[60.87962,33.5487],[60.89512,33.54113],[60.91197,33.52845],[60.92086,33.51411],[60.91979,33.51257],[60.91207,33.50152],[60.8973,33.49703],[60.84986,33.49436],[60.83218,33.48449],[60.82929,33.47013],[60.8328,33.45346],[60.83466,33.43625],[60.82908,33.41628],[60.81864,33.40489],[60.78588,33.38778],[60.75705,33.36634],[60.71901,33.32303],[60.67033,33.26771],[60.61597,33.20619],[60.5676,33.15129],[60.5615,33.13731],[60.56295,33.05827],[60.57752,32.99434],[60.60615,32.91236],[60.64005,32.81552],[60.67488,32.7156],[60.71167,32.61031],[60.75229,32.49458],[60.79632,32.35591],[60.83032,32.24889],[60.82826,32.16744],[60.81482,32.08786],[60.80883,32.07117],[60.78268,32.04254],[60.77493,32.02719],[60.77834,32.02104],[60.78671,32.01691],[60.7926,32.01128],[60.78402,31.98926],[60.78609,31.97898],[60.79105,31.96916],[60.79498,31.95846],[60.79673,31.93676],[60.78929,31.87495],[60.79146,31.82653],[60.80531,31.73398],[60.7926,31.66008],[60.79498,31.63667],[60.80996,31.58836],[60.82174,31.49467],[60.85502,31.48273],[60.956,31.47007],[61.12353,31.44909],[61.12515,31.44889],[61.29479,31.42764],[61.49085,31.4031],[61.60626,31.38874],[61.66118,31.38191],[61.68691,31.37318],[61.70655,31.35984],[61.74231,31.32088],[61.74923,31.30238],[61.74231,31.25944],[61.74272,31.23954],[61.75244,31.21913],[61.77921,31.1811],[61.78768,31.15862],[61.78933,31.12932],[61.79181,31.11893],[61.80928,31.08715],[61.82148,31.05449],[61.82633,31.03459],[61.82644,31.01496],[61.81931,30.99392],[61.80019,30.96142],[61.80453,30.94974],[61.80835,30.88142],[61.80236,30.87853],[61.79988,30.8715],[61.79843,30.85347],[61.79977,30.85238],[61.80225,30.84706],[61.7852,30.8314],[61.70262,30.74551],[61.57622,30.61389],[61.46171,30.49452],[61.38037,30.41029],[61.27216,30.29831],[61.21562,30.23971],[61.13304,30.15428],[60.97843,29.9944],[60.97812,29.99414],[60.90215,29.91688],[60.84438,29.85818],[60.9251,29.77498],[60.97801,29.72062],[61.04333,29.65243],[61.11868,29.57398],[61.19692,29.49228],[61.27918,29.40663],[61.29872,29.39265],[61.3198,29.38539],[61.33737,29.37438],[61.34657,29.34906],[61.34471,29.32953],[61.33282,29.29449],[61.33282,29.27491],[61.34233,29.25452],[61.37417,29.22385],[61.38698,29.20664],[61.39008,29.19543],[61.39277,29.17047],[61.39794,29.15907],[61.40858,29.14856],[61.41768,29.14566],[61.42688,29.14463],[61.43773,29.13962],[61.44796,29.12541],[61.45323,29.10838],[61.46088,29.09388],[61.47804,29.08748],[61.48775,29.08066],[61.49064,29.07203],[61.48723,29.06293],[61.47804,29.05433],[61.4708,29.04787],[61.46801,29.04174],[61.47028,29.0359],[61.47804,29.03066],[61.49095,29.02549],[61.50212,29.01771],[61.5109,29.00738],[61.55317,28.92214],[61.55896,28.90273],[61.56134,28.88594],[61.56651,28.87098],[61.59534,28.84269],[61.62397,28.78765],[61.65301,28.75633],[61.75616,28.67396],[61.79771,28.62657],[61.86116,28.57477],[61.89279,28.5426],[61.91129,28.53374],[61.97113,28.51898],[62.01883,28.4947],[62.04911,28.48632],[62.11557,28.48136],[62.1475,28.47527],[62.2307,28.44245],[62.36279,28.41889],[62.39054,28.40612],[62.40216,28.39411],[62.41074,28.3807],[62.42097,28.36855],[62.4372,28.36044],[62.45384,28.35569],[62.46428,28.34982],[62.4712,28.33969],[62.47772,28.3223],[62.49229,28.3007],[62.55544,28.24032],[62.57564,28.22903],[62.7393,28.25833],[62.76152,28.24644],[62.76638,28.21148],[62.7517,28.10872],[62.73568,27.99498],[62.75418,27.92584],[62.78028,27.82972],[62.78638,27.77027],[62.7947,27.68947],[62.79971,27.63927],[62.80932,27.54705],[62.8147,27.49496],[62.8086,27.45336],[62.75604,27.3481],[62.77568,27.32691],[62.78064,27.31606],[62.77878,27.29983],[62.77413,27.28552],[62.76809,27.27436],[62.75822,27.26769],[62.74235,27.26681],[62.7856,27.2325],[62.80064,27.22516],[62.80855,27.22537],[62.82229,27.2325],[62.82932,27.23364],[62.83738,27.23126],[62.86084,27.21963],[62.89242,27.21348],[62.9196,27.21488],[62.97784,27.22516],[63.00378,27.22878],[63.05618,27.2432],[63.08274,27.24438],[63.09943,27.24283],[63.1123,27.2432],[63.16698,27.2587],[63.1771,27.25844],[63.18956,27.25446],[63.21545,27.23322],[63.22682,27.22697],[63.25152,27.21896],[63.26061,27.21379],[63.27126,27.20341],[63.28557,27.18465],[63.31963,27.11731],[63.30242,27.12336],[63.28056,27.1232],[63.26092,27.11561],[63.24997,27.09954],[63.24625,27.08946],[63.2356,27.07587],[63.23136,27.06584],[63.22992,27.05406],[63.23498,26.94115],[63.24397,26.92244],[63.25648,26.90616],[63.26485,26.89004],[63.26165,26.87175],[63.24666,26.85955],[63.20604,26.85371],[63.18956,26.84601],[63.18227,26.83025],[63.17431,26.68504],[63.16377,26.64509],[63.14134,26.6254],[63.13127,26.62582],[63.12346,26.62944],[63.11623,26.63403],[63.1076,26.6376],[63.09804,26.63838],[63.06889,26.63254],[63.02941,26.63352],[62.99045,26.63889],[62.90002,26.64091],[62.82167,26.64261],[62.75356,26.64416],[62.74271,26.64132],[62.73506,26.63223],[62.72473,26.61512],[62.71801,26.61052],[62.71057,26.6069],[62.70194,26.60401],[62.67104,26.59771],[62.66251,26.59827],[62.65135,26.60318],[62.6406,26.60515],[62.63202,26.60039],[62.62412,26.59295],[62.6158,26.58711],[62.59533,26.5807],[62.428,26.56479],[62.41849,26.56231],[62.41064,26.55683],[62.40247,26.54381],[62.39669,26.53905],[62.38635,26.53662],[62.36527,26.5375],[62.35586,26.53662],[62.34759,26.53332],[62.33468,26.52484],[62.32651,26.52066],[62.30698,26.51368],[62.2983,26.50877],[62.29199,26.50123],[62.29013,26.49244],[62.29313,26.48588],[62.29695,26.48025],[62.29788,26.47404],[62.28755,26.45663],[62.25613,26.42893],[62.249,26.41653],[62.25447,26.39358],[62.26424,26.37519],[62.26512,26.36098],[62.24341,26.35064],[62.2059,26.35534],[62.16146,26.3695],[62.12384,26.374],[62.10689,26.34971],[62.10327,26.32511],[62.09417,26.31483],[62.05278,26.30858],[62.03226,26.30289],[62.01366,26.29462],[61.97775,26.27318],[61.85713,26.24238],[61.83295,26.22538],[61.81838,26.19845],[61.8099,26.16745],[61.8007,26.10662],[61.79274,26.05283],[61.78324,25.99061],[61.77063,25.90741],[61.76009,25.8376],[61.7545,25.81998],[61.73931,25.80328],[61.72195,25.79967],[61.70262,25.80008],[61.68143,25.79548],[61.66035,25.76918],[61.66531,25.73238],[61.67637,25.6928],[61.67348,25.65828],[61.66717,25.65048],[61.65249,25.6373],[61.6466,25.62769],[61.64319,25.61332],[61.63906,25.55493],[61.63306,25.4693],[61.62817,25.4],[60.60372,25.4],[60.60157,25.40595],[60.5652,25.43863],[60.54965,25.44693],[60.53207,25.44892],[60.51417,25.44733],[60.44565,25.42817],[60.42848,25.41962],[60.41896,25.40599],[60.41349,25.4],[59.53772,25.4],[59.49044,25.44347],[59.4539,25.46161],[59.39729,25.45185],[59.27914,25.43472],[59.25107,25.43073],[59.19532,25.42292],[59.14185,25.4],[59.10387,25.4],[59.10133,25.40225],[59.09409,25.4064],[59.08546,25.40461],[59.07618,25.4007],[59.07322,25.4],[59.04179,25.4],[59.02418,25.40323],[59.00733,25.40974],[58.99431,25.41962],[58.94809,25.48652],[58.92351,25.51337],[58.88445,25.52949],[58.84962,25.52879],[58.84034,25.5329],[58.83416,25.54239],[58.83058,25.55231],[58.82521,25.56037],[58.81373,25.56363],[58.72804,25.56363],[58.5464,25.59365],[58.48414,25.58466],[58.43051,25.58796],[58.41179,25.59601],[58.41896,25.61201],[58.38966,25.6103],[58.3576,25.60456],[58.34409,25.59813],[58.32106,25.5808],[58.30592,25.5773],[58.299,25.57982],[58.29558,25.58389],[58.2907,25.58373],[58.27898,25.57388],[58.27101,25.56867],[58.26075,25.56574],[58.25196,25.56684],[58.2483,25.57388],[58.24244,25.57144],[58.20729,25.5493],[58.17042,25.54409],[58.13787,25.54979],[58.10621,25.55891],[58.07309,25.56363],[58.04623,25.57494],[58.02418,25.60187],[57.99431,25.65917],[57.96323,25.69318],[57.9253,25.70132],[57.88404,25.69164],[57.84352,25.67284],[57.80942,25.64777],[57.78745,25.63544],[57.77174,25.63557],[57.77589,25.67967],[57.7798,25.69115],[57.78248,25.69611],[57.78305,25.69977],[57.7815,25.70759],[57.77125,25.73045],[57.75563,25.74274],[57.73471,25.74771],[57.70973,25.74852],[57.68719,25.74641],[57.63185,25.73493],[57.61964,25.73701],[57.59881,25.74641],[57.58717,25.74852],[57.57569,25.7475],[57.55584,25.74282],[57.54558,25.74177],[57.52068,25.74356],[57.45248,25.76288],[57.45997,25.76903],[57.32618,25.777],[57.31153,25.78413],[57.30437,25.79975],[57.29868,25.8487],[57.27442,25.8994],[57.26197,25.93989],[57.25359,25.95897],[57.24366,25.96703],[57.24204,25.97089],[57.21974,25.99502],[57.21534,25.99584],[57.20265,25.99388],[57.19858,25.99502],[57.19679,25.99917],[57.1941,26.01097],[57.18051,26.04686],[57.17652,26.06354],[57.16676,26.08299],[57.16456,26.09492],[57.17091,26.11563],[57.202,26.14623],[57.2129,26.16625],[57.19923,26.19819],[57.13307,26.26374],[57.13844,26.29043],[57.13103,26.29662],[57.12525,26.34186],[57.11817,26.36433],[57.10711,26.38227],[57.0879,26.39899],[57.08318,26.40648],[57.08033,26.41535],[57.07667,26.43822],[57.07635,26.44746],[57.09344,26.57221],[57.09002,26.6188],[57.02491,26.85098],[57.01124,26.86888],[56.97731,26.89533],[56.96518,26.91112],[56.96648,26.92723],[56.93572,26.94554],[56.92555,26.95515],[56.94011,26.95429],[56.95102,26.95816],[56.96111,26.96385],[56.97332,26.96882],[56.96485,26.97565],[56.96355,26.98505],[56.96705,26.99482],[56.97332,27.003],[56.94256,26.99112],[56.93238,26.98933],[56.92311,26.9914],[56.91725,26.99608],[56.9131,27.0008],[56.90821,27.003],[56.90309,27.00642],[56.8978,27.01301],[56.89088,27.01704],[56.87135,27.00845],[56.86549,27.01187],[56.86297,27.02009],[56.86345,27.03026],[56.8506,27.02766],[56.84376,27.0329],[56.84409,27.04023],[56.85353,27.04393],[56.85841,27.04743],[56.87599,27.0644],[56.88461,27.07062],[56.88461,27.07807],[56.85532,27.08169],[56.83139,27.09614],[56.8152,27.11701],[56.80885,27.13955],[56.79721,27.12934],[56.78443,27.12531],[56.75733,27.12523],[56.74236,27.12958],[56.73308,27.13923],[56.7256,27.14883],[56.71608,27.15314],[56.61232,27.15424],[56.58969,27.16063],[56.58286,27.15314],[56.5586,27.16519],[56.52858,27.17072],[56.46616,27.17365],[56.43653,27.17886],[56.38413,27.1975],[56.35304,27.20161],[56.29119,27.19847],[56.25961,27.19123],[56.23658,27.17707],[56.21518,27.16787],[56.15016,27.16535],[56.12371,27.16063],[56.11557,27.15575],[56.09889,27.14102],[56.09555,27.13614],[56.09352,27.12556],[56.08815,27.12222],[56.08041,27.12075],[56.07179,27.11563],[56.05454,27.10261],[55.98732,27.06635],[55.96315,27.04804],[55.96274,27.04393],[55.95753,27.04076],[55.9393,27.02668],[55.9284,27.02342],[55.8838,27.01874],[55.84246,27.00975],[55.8318,27.00873],[55.79835,27.00975],[55.78728,27.00772],[55.77247,26.99828],[55.76368,26.99616],[55.72633,26.99616],[55.69483,27.00275],[55.68483,27.003],[55.66586,26.99543],[55.63233,26.96752],[55.61964,26.96137],[55.60857,26.95368],[55.55445,26.89989],[55.56886,26.90412],[55.57504,26.90717],[55.58237,26.91356],[55.58644,26.88906],[55.58041,26.85912],[55.56853,26.8308],[55.55445,26.81053],[55.52174,26.78457],[55.48406,26.76752],[55.44223,26.75991],[55.39731,26.76215],[55.31674,26.7871],[55.27084,26.79255],[55.23292,26.77643],[55.22104,26.75739],[55.21559,26.73949],[55.2059,26.72639],[55.2,26.72512],[55.2,37.96505]]],[[[56.32228,26.83442],[56.32683,26.86107],[56.34116,26.87934],[56.36655,26.8898],[56.40414,26.89305],[56.40919,26.86225],[56.37916,26.83869],[56.34099,26.82762],[56.32228,26.83442]]],[[[56.21241,27.003],[56.23211,26.99877],[56.25766,26.98871],[56.27361,26.97777],[56.27947,26.97382],[56.28745,26.95515],[56.27133,26.94697],[56.25522,26.93879],[56.19353,26.92455],[56.1714,26.90681],[56.14869,26.86201],[56.13722,26.84467],[56.09588,26.80687],[56.08937,26.79352],[56.08082,26.78535],[56.04282,26.76813],[56.03419,26.75902],[56.02565,26.7541],[55.97641,26.71157],[55.94703,26.69628],[55.924,26.70502],[55.90219,26.72484],[55.87664,26.74291],[55.80983,26.71206],[55.79127,26.6979],[55.77272,26.68838],[55.75131,26.68854],[55.70582,26.69453],[55.68556,26.6905],[55.66424,26.68155],[55.61036,26.64692],[55.55445,26.62564],[55.52052,26.60326],[55.50294,26.59488],[55.44117,26.58861],[55.39731,26.57783],[55.37875,26.56729],[55.36956,26.56411],[55.36948,26.56411],[55.36655,26.5646],[55.36109,26.56562],[55.34978,26.569],[55.33961,26.569],[55.3353,26.56045],[55.33074,26.55362],[55.31983,26.54829],[55.30763,26.54491],[55.29843,26.54365],[55.29835,26.54365],[55.29412,26.54629],[55.29054,26.54849],[55.28541,26.55996],[55.28061,26.58466],[55.28736,26.60228],[55.28924,26.61359],[55.28403,26.6188],[55.27377,26.64981],[55.28468,26.66022],[55.33188,26.64533],[55.34278,26.64981],[55.34897,26.64822],[55.3519,26.64745],[55.35198,26.64749],[55.4048,26.67402],[55.53842,26.71296],[55.55787,26.71499],[55.57049,26.71939],[55.57407,26.72065],[55.57423,26.72069],[55.62045,26.74608],[55.64039,26.76057],[55.70582,26.78327],[55.71608,26.78392],[55.73683,26.78242],[55.74684,26.78327],[55.75416,26.78608],[55.7645,26.79389],[55.77418,26.79694],[55.77117,26.80366],[55.76677,26.81053],[55.78207,26.82616],[55.78566,26.84496],[55.78102,26.88963],[55.7732,26.90672],[55.75611,26.92133],[55.73943,26.93293],[55.7326,26.9409],[55.75799,26.95405],[55.89772,26.90681],[55.93556,26.91478],[56.04103,26.97565],[56.17319,27.00235],[56.21241,27.003]]],[[[56.47299,27.10602],[56.48357,27.09976],[56.49513,27.09577],[56.50465,27.08893],[56.50514,27.08698],[56.50847,27.07437],[56.50473,27.06167],[56.49529,27.05231],[56.48813,27.04914],[56.48178,27.04633],[56.46616,27.04393],[56.43458,27.05484],[56.43686,27.08002],[56.45541,27.10277],[56.47299,27.10602]]],[[[55.8943,26.67943],[55.90203,26.66885],[55.90398,26.64525],[55.88966,26.62377],[55.86931,26.61302],[55.8532,26.62104],[55.85548,26.64411],[55.86834,26.66645],[55.88453,26.67768],[55.8943,26.67943]]]]}},{"type":"Feature","properties":{"iso3":"KGZ"},"geometry":{"type":"Polygon","coordinates":[[[79.2,42.2],[79.2,41.73173],[79.19592,41.72952],[79.17453,41.72262],[79.12791,41.7143],[79.08874,41.70255],[78.97619,41.6418],[78.91583,41.63317],[78.89744,41.62627],[78.80731,41.57845],[78.67213,41.53845],[78.65828,41.53245],[78.64505,41.52372],[78.6374,41.51287],[78.62913,41.48796],[78.61921,41.47809],[78.58397,41.466],[78.51038,41.45442],[78.41757,41.40047],[78.37768,41.38662],[78.3599,41.37753],[78.34347,41.36202],[78.33933,41.34404],[78.3569,41.30554],[78.35969,41.28746],[78.34946,41.2704],[78.33148,41.25872],[78.29158,41.24079],[78.27536,41.22885],[78.25034,41.20054],[78.23134,41.17286],[78.20446,41.13372],[78.1905,41.11775],[78.17603,41.1055],[78.07495,41.03951],[78.05718,41.03434],[78.03651,41.0361],[77.99765,41.0498],[77.8667,41.06406],[77.83104,41.06297],[77.79756,41.0547],[77.66557,41.00127],[77.65028,40.99714],[77.63178,40.99579],[77.58072,40.99771],[77.50352,40.98107],[77.47489,40.98205],[77.44523,40.99367],[77.3888,41.01166],[77.33298,41.02065],[77.30115,41.01931],[77.24317,41.00566],[77.11884,41.01166],[77.08856,41.01956],[77.03502,41.04034],[77.00773,41.04421],[76.90014,41.02577],[76.86097,41.01321],[76.83493,40.99352],[76.82087,40.97781],[76.78397,40.95714],[76.76682,40.94469],[76.75741,40.92577],[76.76093,40.9066],[76.76837,40.88701],[76.77085,40.86712],[76.76248,40.84702],[76.74687,40.83446],[76.70729,40.81761],[76.67421,40.79544],[76.64786,40.76485],[76.63081,40.72888],[76.62419,40.62755],[76.62078,40.61132],[76.60941,40.59711],[76.55639,40.56569],[76.53117,40.53499],[76.49893,40.46461],[76.4765,40.43614],[76.44911,40.41552],[76.36198,40.3719],[76.33015,40.34808],[76.31351,40.34333],[76.29935,40.35568],[76.28333,40.41728],[76.27341,40.43412],[76.24416,40.4412],[76.21543,40.41655],[76.18504,40.3842],[76.15135,40.36813],[76.13254,40.37154],[76.09523,40.38736],[76.07611,40.39195],[76.05162,40.3902],[75.96242,40.35733],[75.9493,40.34307],[75.93803,40.32622],[75.92149,40.30912],[75.90186,40.29888],[75.88046,40.29527],[75.85855,40.29635],[75.79375,40.30891],[75.77205,40.31015],[75.75055,40.30834],[75.70445,40.29315],[75.68182,40.2917],[75.66487,40.30571],[75.65629,40.32307],[75.64017,40.3673],[75.63831,40.38611],[75.64637,40.40534],[75.6596,40.41908],[75.66931,40.43237],[75.66694,40.45025],[75.65722,40.4611],[75.62901,40.4813],[75.61795,40.49396],[75.61082,40.51288],[75.60565,40.56941],[75.58766,40.61194],[75.55986,40.63287],[75.52379,40.63318],[75.48183,40.61411],[75.26324,40.48017],[75.25332,40.47598],[75.24154,40.47407],[75.22924,40.47035],[75.22397,40.46244],[75.22014,40.45298],[75.21249,40.44472],[75.19389,40.44125],[75.17529,40.44813],[75.15658,40.45815],[75.13808,40.46389],[75.11317,40.46079],[75.06439,40.44384],[75.03907,40.4411],[75.00238,40.4473],[74.9661,40.45929],[74.87918,40.50507],[74.85644,40.51319],[74.83536,40.51164],[74.83231,40.50812],[74.82006,40.49396],[74.81603,40.48368],[74.8151,40.48011],[74.80704,40.46177],[74.79464,40.44074],[74.7874,40.42074],[74.79464,40.40555],[74.84166,40.37206],[74.85386,40.35883],[74.86213,40.32617],[74.83092,40.31992],[74.74668,40.33651],[74.72467,40.33754],[74.70575,40.33129],[74.65439,40.29155],[74.63765,40.28199],[74.59868,40.26617],[74.5654,40.24695],[74.47662,40.17243],[74.36986,40.10582],[74.33379,40.09373],[74.30289,40.09006],[74.27229,40.09383],[74.23788,40.10391],[74.20315,40.10985],[74.1676,40.10639],[74.13287,40.09533],[74.10124,40.07885],[74.06951,40.06779],[74.00399,40.06081],[73.9767,40.0436],[73.96637,40.03327],[73.95789,40.02143],[73.95211,40.00826],[73.94973,39.99368],[73.94404,39.97007],[73.9273,39.95332],[73.90756,39.93787],[73.89319,39.91813],[73.88544,39.87653],[73.88069,39.86501],[73.87294,39.85684],[73.8441,39.83809],[73.83201,39.82372],[73.82302,39.80569],[73.81857,39.78605],[73.81981,39.76672],[73.82953,39.74698],[73.84307,39.74037],[73.85991,39.73716],[73.87935,39.72791],[73.8935,39.71039],[73.8996,39.68946],[73.90425,39.64647],[73.92678,39.59288],[73.92162,39.58213],[73.89929,39.57154],[73.88307,39.5612],[73.87046,39.54679],[73.85919,39.52426],[73.84803,39.48974],[73.83831,39.47568],[73.82074,39.46819],[73.63264,39.44834],[73.60432,39.45961],[73.51224,39.46741],[73.47689,39.46478],[73.36765,39.4438],[73.34315,39.43067],[73.3355,39.41517],[73.33333,39.40111],[73.32641,39.39088],[73.26936,39.38256],[73.16786,39.35538],[73.13603,39.35346],[73.10099,39.36116],[73.08342,39.36783],[73.07113,39.37072],[73.05841,39.36881],[73.00932,39.34861],[72.99433,39.34783],[72.97676,39.35222],[72.91434,39.36271],[72.89367,39.3639],[72.85047,39.35672],[72.83527,39.3562],[72.65048,39.39377],[72.63374,39.3945],[72.61637,39.39041],[72.60614,39.38349],[72.58702,39.36489],[72.57576,39.3593],[72.55943,39.35956],[72.5341,39.37233],[72.51901,39.37569],[72.50806,39.37196],[72.47674,39.34613],[72.46041,39.34411],[72.44357,39.34478],[72.4107,39.35135],[72.39323,39.35083],[72.35592,39.3361],[72.33412,39.33383],[72.31634,39.32882],[72.30425,39.31357],[72.28141,39.25972],[72.24027,39.18991],[72.2289,39.18924],[72.22867,39.1895],[72.21857,39.20089],[72.20916,39.2173],[72.20648,39.22688],[72.20637,39.23461],[72.20327,39.24081],[72.18239,39.24934],[72.1671,39.25874],[72.15862,39.26262],[72.11553,39.26815],[72.09475,39.27507],[72.08576,39.29011],[72.08411,39.31125],[72.07811,39.33662],[72.06695,39.35848],[72.04979,39.36886],[72.0315,39.36669],[71.99646,39.35186],[71.95915,39.34587],[71.94231,39.33905],[71.8435,39.28505],[71.80702,39.27285],[71.77043,39.26954],[71.75121,39.27424],[71.73291,39.2851],[71.71834,39.30106],[71.7109,39.32096],[71.71297,39.34153],[71.7232,39.35398],[71.73663,39.36458],[71.74811,39.37956],[71.75183,39.39966],[71.74924,39.4255],[71.74025,39.44834],[71.72444,39.4594],[71.70459,39.45899],[71.60279,39.44235],[71.55432,39.44416],[71.51287,39.45883],[71.4921,39.49366],[71.50058,39.50922],[71.526,39.53816],[71.53137,39.55309],[71.52538,39.56916],[71.51091,39.58415],[71.50965,39.585],[71.49303,39.59624],[71.45954,39.61211],[71.44125,39.61066],[71.40673,39.59815],[71.37831,39.59417],[71.36854,39.59149],[71.36162,39.58756],[71.34787,39.57624],[71.34059,39.57169],[71.30591,39.55717],[71.29196,39.54896],[71.26007,39.52064],[71.24927,39.51439],[71.23692,39.51449],[71.17998,39.52302],[71.13745,39.52115],[71.0959,39.51237],[71.06293,39.49563],[71.04231,39.46788],[71.02758,39.43522],[71.00929,39.40762],[70.97715,39.39491],[70.94981,39.40075],[70.92516,39.41294],[70.90335,39.42085],[70.88449,39.41387],[70.87224,39.40297],[70.86418,39.40059],[70.85529,39.40173],[70.8401,39.40142],[70.82806,39.39858],[70.79762,39.38535],[70.77013,39.38209],[70.73974,39.38623],[70.71329,39.39842],[70.69809,39.41899],[70.69861,39.43139],[70.70305,39.44473],[70.70543,39.45852],[70.69975,39.47217],[70.69013,39.47919],[70.66672,39.48689],[70.65598,39.49371],[70.65592,39.49387],[70.6556,39.49466],[70.63598,39.5425],[70.62213,39.56353],[70.59784,39.57779],[70.58027,39.57955],[70.54358,39.57428],[70.52611,39.57562],[70.5135,39.58151],[70.49097,39.59686],[70.47723,39.6012],[70.45997,39.59955],[70.42762,39.59009],[70.41108,39.58746],[70.40147,39.58477],[70.39537,39.5795],[70.39041,39.57402],[70.38431,39.57087],[70.37429,39.57102],[70.35346,39.57593],[70.34318,39.57686],[70.33026,39.57309],[70.24107,39.52239],[70.22329,39.51909],[70.20603,39.5241],[70.20438,39.53816],[70.21502,39.57407],[70.21481,39.59112],[70.21027,39.60973],[70.20066,39.61949],[70.1852,39.61035],[70.15735,39.56389],[70.14898,39.55428],[70.13244,39.55004],[70.11627,39.55464],[70.08273,39.56978],[70.06227,39.57345],[70.04035,39.57361],[70.01968,39.56859],[70.00273,39.55686],[69.98713,39.5396],[69.97876,39.53444],[69.94863,39.54508],[69.90775,39.54849],[69.83045,39.53624],[69.79158,39.54539],[69.74983,39.56384],[69.71035,39.57407],[69.66942,39.57779],[69.58229,39.57355],[69.56493,39.56813],[69.53145,39.54565],[69.51439,39.53759],[69.4961,39.53258],[69.47729,39.5304],[69.45527,39.53046],[69.41218,39.52503],[69.39145,39.53051],[69.36722,39.54994],[69.36164,39.55288],[69.35202,39.54963],[69.34841,39.54317],[69.34593,39.53537],[69.33973,39.52808],[69.30035,39.51563],[69.28619,39.53971],[69.29115,39.65887],[69.28753,39.67779],[69.28009,39.69427],[69.26593,39.70776],[69.24836,39.71939],[69.23332,39.73267],[69.2263,39.75101],[69.22955,39.79054],[69.24071,39.82894],[69.28645,39.93575],[69.30567,39.96862],[69.31006,39.97865],[69.31032,39.9848],[69.31399,39.98691],[69.32784,39.98474],[69.3573,39.95947],[69.40535,39.89612],[69.50158,39.92247],[69.50044,39.9357],[69.47729,39.96816],[69.47812,39.97503],[69.47729,39.98159],[69.47512,39.98774],[69.47119,39.99368],[69.46313,40.02541],[69.46964,40.05099],[69.48571,40.07373],[69.50633,40.09693],[69.50922,40.10344],[69.51346,40.1207],[69.51801,40.1251],[69.52607,40.12319],[69.53661,40.10789],[69.54302,40.10308],[69.55883,40.10174],[69.57547,40.1036],[69.96956,40.2116],[70.00459,40.20876],[70.14717,40.13698],[70.16882,40.13166],[70.21854,40.13414],[70.24153,40.13275],[70.26349,40.12427],[70.27781,40.11207],[70.29026,40.09817],[70.30628,40.08479],[70.32427,40.0775],[70.35951,40.07404],[70.39765,40.06123],[70.47723,40.05203],[70.50214,40.04598],[70.52549,40.03368],[70.53562,40.01596],[70.52095,39.99374],[70.50503,39.98511],[70.48849,39.97854],[70.4732,39.97012],[70.46023,39.95612],[70.45087,39.93741],[70.44803,39.91999],[70.45563,39.90682],[70.47723,39.90092],[70.48596,39.90961],[70.49418,39.93167],[70.5009,39.94056],[70.51257,39.94516],[70.55505,39.94625],[70.5766,39.95224],[70.5966,39.96195],[70.61396,39.97575],[70.6274,39.99389],[70.63598,40.02851],[70.63474,40.05931],[70.63944,40.08494],[70.66595,40.10417],[70.72982,40.1207],[70.74346,40.12711],[70.78253,40.15259],[70.78873,40.159],[70.79214,40.16137],[70.79772,40.16194],[70.80269,40.16013],[70.80604,40.15765],[70.80672,40.15615],[70.82491,40.16354],[70.83183,40.1682],[70.84516,40.17181],[70.89855,40.16261],[70.92929,40.17062],[70.96288,40.18969],[70.97952,40.21408],[70.95896,40.23837],[70.99513,40.26659],[71.05321,40.27424],[71.16938,40.26142],[71.20101,40.26385],[71.21512,40.28075],[71.22395,40.30286],[71.23956,40.32111],[71.25382,40.32441],[71.26395,40.31821],[71.27284,40.30772],[71.28322,40.29842],[71.29707,40.29382],[71.31356,40.29268],[71.34493,40.29522],[71.36513,40.29413],[71.39655,40.27155],[71.44135,40.2609],[71.45097,40.24891],[71.45892,40.23413],[71.47711,40.2208],[71.49841,40.21052],[71.52125,40.20375],[71.56827,40.19657],[71.59297,40.19843],[71.60165,40.20995],[71.60403,40.22726],[71.61013,40.24638],[71.62832,40.25889],[71.64599,40.24711],[71.66015,40.22447],[71.66718,40.20416],[71.66687,40.16313],[71.67307,40.14789],[71.69333,40.14112],[71.70718,40.14427],[71.75978,40.16809],[71.77591,40.17993],[71.78676,40.19352],[71.80547,40.2253],[71.83647,40.24917],[71.87296,40.25077],[71.91233,40.24344],[71.95181,40.2409],[71.96339,40.24375],[71.96918,40.24442],[71.97703,40.24307],[71.98902,40.2393],[72.00483,40.23729],[72.01889,40.24003],[72.0254,40.25088],[72.01982,40.25873],[72.01324,40.26207],[72.00597,40.26576],[71.97703,40.2761],[71.95822,40.28653],[71.95109,40.30152],[71.95667,40.31568],[72.04318,40.34932],[72.06964,40.36942],[72.08411,40.39738],[72.0901,40.41604],[72.0993,40.42637],[72.16586,40.45443],[72.1827,40.45779],[72.22833,40.45961],[72.23593,40.45991],[72.25422,40.45831],[72.26342,40.45265],[72.26363,40.45252],[72.2596,40.44239],[72.24513,40.43872],[72.22808,40.43753],[72.2165,40.43495],[72.21177,40.42584],[72.21164,40.4256],[72.22436,40.42244],[72.26962,40.42405],[72.2843,40.41986],[72.34342,40.3934],[72.3705,40.38565],[72.39406,40.38942],[72.41442,40.41071],[72.42517,40.43598],[72.4262,40.45934],[72.4261,40.45955],[72.42003,40.47103],[72.41566,40.47929],[72.41559,40.47933],[72.37225,40.50327],[72.36347,40.51231],[72.36347,40.51241],[72.36326,40.52357],[72.36998,40.53985],[72.37008,40.55773],[72.36993,40.55793],[72.34848,40.58538],[72.34851,40.58551],[72.35189,40.60197],[72.38156,40.61215],[72.41484,40.58987],[72.44791,40.56047],[72.47674,40.54957],[72.51529,40.54564],[72.58578,40.50874],[72.62547,40.5105],[72.64087,40.51985],[72.65048,40.53215],[72.65513,40.54636],[72.65647,40.56114],[72.66423,40.57778],[72.68242,40.57768],[72.71921,40.56486],[72.74835,40.5751],[72.76003,40.64176],[72.78391,40.66966],[72.81894,40.68108],[72.89098,40.69509],[72.97676,40.73607],[73.07061,40.76247],[73.11805,40.78294],[73.14864,40.81369],[73.14337,40.83384],[73.14329,40.83385],[73.13504,40.83527],[73.11247,40.83916],[73.05356,40.83632],[73.0333,40.84722],[73.01945,40.8619],[73.00343,40.87017],[72.92943,40.84417],[72.88313,40.81963],[72.87031,40.81818],[72.873,40.83482],[72.86866,40.86412],[72.83011,40.87208],[72.70123,40.86324],[72.65823,40.86717],[72.61947,40.88009],[72.58847,40.90582],[72.54558,40.95652],[72.52625,40.9622],[72.50144,40.9635],[72.48336,40.97058],[72.48356,40.99352],[72.48522,40.99957],[72.4847,41.00468],[72.48191,41.00882],[72.47674,41.01181],[72.42352,41.01574],[72.3952,41.02204],[72.37432,41.03197],[72.34569,41.06597],[72.33236,41.07284],[72.31407,41.06168],[72.3088,41.05445],[72.29732,41.02814],[72.28978,41.02354],[72.25298,41.01962],[72.19549,41.00636],[72.16513,40.99936],[72.17878,41.02318],[72.1856,41.04106],[72.1856,41.06065],[72.1764,41.11289],[72.17464,41.14142],[72.16989,41.16865],[72.15842,41.18787],[72.13289,41.1993],[72.1085,41.1964],[72.08524,41.18488],[72.06364,41.1702],[72.03377,41.15661],[72.01651,41.16354],[72.00122,41.18002],[71.97703,41.19521],[71.89766,41.18493],[71.87161,41.19449],[71.86634,41.23661],[71.86882,41.27924],[71.86303,41.31221],[71.84701,41.34182],[71.75317,41.44729],[71.74521,41.45282],[71.73684,41.4554],[71.73043,41.45117],[71.72971,41.43008],[71.72165,41.42476],[71.71224,41.42802],[71.70687,41.44409],[71.69612,41.44745],[71.69147,41.44192],[71.68733,41.43101],[71.68144,41.42285],[71.67193,41.42548],[71.67111,41.43763],[71.6895,41.4938],[71.6894,41.51462],[71.68413,41.53406],[71.67142,41.54739],[71.64951,41.54992],[71.62739,41.5432],[71.6153,41.53214],[71.59545,41.49375],[71.59556,41.4937],[71.59556,41.49349],[71.60558,41.47685],[71.63369,41.44962],[71.63741,41.43127],[71.63307,41.41132],[71.61881,41.37779],[71.58553,41.32353],[71.55794,41.30172],[71.52383,41.29665],[71.48063,41.31076],[71.43247,41.34482],[71.41877,41.3474],[71.41257,41.33469],[71.42146,41.16209],[71.41608,41.12736],[71.39366,41.11274],[71.32524,41.15733],[71.30023,41.13305],[71.28948,41.11387],[71.27615,41.11315],[71.26338,41.12349],[71.25382,41.13749],[71.24152,41.17516],[71.23015,41.18725],[71.20638,41.18875],[71.18571,41.18023],[71.18302,41.16638],[71.18788,41.14845],[71.18995,41.12746],[71.18013,41.10814],[71.16442,41.1162],[71.1391,41.14839],[71.12308,41.15821],[71.08577,41.16204],[71.06758,41.16974],[71.04701,41.18204],[71.02469,41.18979],[70.97715,41.19635],[70.93415,41.19144],[70.9142,41.19304],[70.89596,41.20612],[70.88216,41.22048],[70.86573,41.23319],[70.84775,41.24307],[70.82852,41.24911],[70.80599,41.24746],[70.78656,41.24043],[70.77044,41.23852],[70.75804,41.25216],[70.75628,41.26963],[70.77106,41.33102],[70.7692,41.3521],[70.75969,41.37251],[70.70357,41.44548],[70.68672,41.46248],[70.66781,41.47137],[70.63381,41.4675],[70.51133,41.41448],[70.47723,41.40466],[70.47078,41.40488],[70.4532,41.40548],[70.43806,41.41608],[70.41361,41.4507],[70.39899,41.46496],[70.38225,41.47644],[70.34494,41.49349],[70.34473,41.49364],[70.34452,41.4937],[70.34442,41.4938],[70.20345,41.50563],[70.16655,41.52021],[70.14826,41.55245],[70.16929,41.57834],[70.33119,41.64963],[70.39082,41.68505],[70.42348,41.69691],[70.45366,41.71208],[70.47723,41.73844],[70.50648,41.78559],[70.55009,41.82406],[70.64895,41.88739],[70.6797,41.90111],[70.77933,41.90967],[70.814,41.91954],[70.82511,41.93633],[70.82806,41.99374],[70.84547,42.03036],[70.88671,42.03849],[70.93591,42.03687],[70.97715,42.04423],[71.11843,42.12291],[71.20101,42.14079],[71.23821,42.16024],[71.2532,42.19755],[71.24987,42.19839],[71.24339,42.2],[79.2,42.2]],[[71.78552,39.9897],[71.76061,39.98371],[71.72413,39.96268],[71.70687,39.95612],[71.68175,39.95508],[71.66553,39.9402],[71.67535,39.92578],[71.69684,39.91384],[71.71617,39.90676],[71.7418,39.90077],[71.7573,39.9031],[71.76712,39.91545],[71.78976,39.97932],[71.78552,39.9897]],[[71.17693,40.042],[71.16938,40.04283],[71.16545,40.04464],[71.16204,40.04691],[71.10597,40.06495],[71.07884,40.07864],[71.06174,40.09518],[71.04794,40.12251],[71.0312,40.1469],[71.00856,40.15776],[70.97715,40.14458],[70.95989,40.11342],[70.95405,40.0958],[70.95296,40.07921],[70.95844,40.06309],[70.98314,40.02138],[70.99451,40.00888],[71.00763,40.0035],[71.0343,39.99911],[71.04582,39.99203],[71.05037,39.96288],[71.00763,39.91116],[71.00929,39.88573],[71.0219,39.88082],[71.03606,39.88754],[71.0498,39.89798],[71.06096,39.90413],[71.07998,39.90341],[71.08479,39.89483],[71.08722,39.88382],[71.09889,39.8755],[71.11367,39.87447],[71.16101,39.88423],[71.1946,39.8848],[71.20845,39.88878],[71.21909,39.90092],[71.22106,39.93172],[71.17703,39.96816],[71.1747,39.99399],[71.19098,40.00624],[71.23728,40.0311],[71.244,40.04676],[71.23635,40.05606],[71.22375,40.05787],[71.19822,40.0526],[71.19295,40.05027],[71.18189,40.0434],[71.17693,40.042]],[[70.49872,39.88191],[70.48374,39.88222],[70.4826,39.86677],[70.49015,39.85018],[70.50348,39.8355],[70.53738,39.81731],[70.5473,39.80765],[70.57588,39.77008],[70.58161,39.76657],[70.63298,39.79845],[70.66161,39.80982],[70.69453,39.81483],[70.70481,39.82207],[70.70641,39.84],[70.69892,39.85845],[70.68662,39.86088],[70.65499,39.84977],[70.61991,39.8507],[70.49872,39.88191]]]}},{"type":"Feature","properties":{"iso3":"PAK","nameFr":"Pakistan"},"geometry":{"type":"MultiPolygon","coordinates":[[[[75.98108,36.44544],[75.98743,36.42119],[75.96862,36.34181],[75.96883,36.30197],[75.97658,36.28699],[76.0017,36.26146],[76.01193,36.24812],[76.01441,36.2304],[76.00159,36.22213],[75.9834,36.21541],[75.97007,36.20234],[75.96914,36.19169],[75.97741,36.17376],[75.97658,36.16276],[75.97152,36.155],[75.96418,36.14984],[75.91457,36.12389],[75.90144,36.11361],[75.89431,36.09738],[75.9,36.06348],[75.92232,36.03165],[75.95302,36.00726],[75.98433,35.99563],[76.06143,35.9916],[76.08996,35.97812],[76.11466,35.94179],[76.12376,35.90349],[76.12779,35.8621],[76.13812,35.82665],[76.16603,35.80624],[76.1898,35.805],[76.23713,35.81549],[76.26039,35.81781],[76.28054,35.81425],[76.29656,35.80949],[76.31196,35.80965],[76.34886,35.83099],[76.36643,35.83089],[76.3841,35.8282],[76.40312,35.83099],[76.41035,35.83683],[76.42245,35.8543],[76.43206,35.8605],[76.44291,35.86329],[76.45397,35.86479],[76.4765,35.86525],[76.50017,35.87151],[76.53717,35.90251],[76.55546,35.89786],[76.56528,35.86546],[76.55112,35.78402],[76.57076,35.75126],[76.60424,35.7357],[76.67669,35.71379],[76.70904,35.69405],[76.73292,35.66661],[76.74542,35.65503],[76.76341,35.64708],[76.77735,35.64611],[76.91316,35.37828],[77.04897,35.11044],[77.04243,35.10701],[77.02313,35.08633],[77.02706,35.0621],[77.03523,35.0345],[77.02861,35.00339],[77.01311,34.98639],[76.95296,34.94655],[76.93384,34.92888],[76.92112,34.92071],[76.90593,34.92314],[76.87958,34.93709],[76.8526,34.94335],[76.81705,34.94076],[76.78201,34.93089],[76.75762,34.91513],[76.74956,34.89208],[76.75328,34.83834],[76.74387,34.81927],[76.65261,34.74698],[76.63959,34.74114],[76.55319,34.72584],[76.53582,34.7262],[76.51991,34.73111],[76.4765,34.75778],[76.43816,34.76289],[76.39991,34.75075],[76.26204,34.68465],[76.15497,34.66166],[76.12179,34.66088],[76.05833,34.68341],[76.0234,34.67716],[76.00748,34.66512],[75.98671,34.63603],[75.97338,34.62233],[75.96625,34.61908],[75.93927,34.61205],[75.87395,34.57138],[75.81618,34.52167],[75.79582,34.50792],[75.77711,34.50381],[75.73484,34.50862],[75.71365,34.50851],[75.65557,34.49697],[75.61164,34.49836],[75.34809,34.55722],[75.30696,34.57401],[75.26748,34.5983],[75.25135,34.61308],[75.23689,34.63189],[75.22454,34.63862],[75.21291,34.64497],[75.17632,34.64538],[75.111,34.63365],[75.01778,34.62972],[74.66493,34.68832],[74.41213,34.76449],[74.34888,34.77343],[74.28583,34.76889],[74.22175,34.74775],[74.14682,34.70186],[74.12088,34.69086],[73.96223,34.66817],[73.94859,34.66274],[73.91934,34.64254],[73.91748,34.61928],[73.92544,34.59339],[73.92596,34.56497],[73.91097,34.54497],[73.86312,34.51707],[73.847,34.49433],[73.847,34.49417],[73.84555,34.45648],[73.84038,34.44441],[73.8316,34.4364],[73.80679,34.42516],[73.79625,34.41855],[73.77982,34.39607],[73.77486,34.37095],[73.78271,34.34682],[73.80421,34.32749],[73.82912,34.31535],[73.8533,34.30742],[73.87904,34.30429],[73.90746,34.3068],[73.93774,34.30421],[73.95438,34.28718],[73.9767,34.23755],[73.99055,34.21851],[73.9983,34.1968],[73.99541,34.17644],[73.9767,34.16156],[73.91686,34.13526],[73.8933,34.11474],[73.88441,34.0842],[73.89371,34.0543],[73.91624,34.02795],[73.9458,34.00979],[73.9767,34.00459],[74.04502,34.01942],[74.06528,34.01834],[74.1184,34.00253],[74.15426,34.0041],[74.19209,34.01185],[74.22837,34.01289],[74.25968,33.99439],[74.27229,33.96214],[74.26247,33.92995],[74.23953,33.90101],[74.21255,33.87842],[74.17752,33.85755],[74.14228,33.84424],[74.03458,33.82861],[74.01133,33.81047],[73.9767,33.75892],[73.97071,33.74706],[73.96616,33.73453],[73.96306,33.72156],[73.96079,33.69229],[73.96306,33.67676],[73.96833,33.66208],[73.9767,33.64839],[74.02425,33.61425],[74.08812,33.58529],[74.14155,33.54937],[74.15778,33.49424],[74.13628,33.41801],[74.10548,33.3452],[74.09597,33.32848],[74.08512,33.31432],[74.072,33.30228],[74.05536,33.29203],[74.01784,33.27949],[74.00172,33.27017],[73.99179,33.25257],[73.98849,33.20862],[74.00234,33.17769],[74.02941,33.15415],[74.06579,33.1326],[74.09845,33.10483],[74.15385,33.04018],[74.19085,33.02209],[74.28397,33.00881],[74.31126,32.99429],[74.32201,32.97205],[74.32449,32.9214],[74.33668,32.87014],[74.33379,32.84926],[74.32294,32.83053],[74.31699,32.82307],[74.31594,32.82175],[74.3065,32.80991],[74.31632,32.79107],[74.32934,32.77642],[74.34619,32.76689],[74.36769,32.76353],[74.38639,32.76777],[74.41895,32.78461],[74.43869,32.78598],[74.45533,32.77859],[74.48448,32.75353],[74.50091,32.74601],[74.52096,32.74529],[74.57377,32.75255],[74.59341,32.75787],[74.61408,32.7704],[74.62204,32.78542],[74.62628,32.80265],[74.63589,32.82208],[74.65356,32.83743],[74.67175,32.84058],[74.68529,32.83123],[74.68912,32.80883],[74.68229,32.78733],[74.65697,32.74534],[74.64974,32.72315],[74.65015,32.70124],[74.65728,32.66059],[74.65604,32.64067],[74.64798,32.62362],[74.63692,32.60625],[74.62958,32.58809],[74.63258,32.56817],[74.66255,32.49838],[74.68932,32.47135],[74.72498,32.46081],[74.76353,32.46267],[74.79939,32.47267],[74.83815,32.47487],[74.90698,32.44518],[74.94843,32.44877],[74.9907,32.46337],[75.02367,32.46626],[75.05488,32.45554],[75.09219,32.42934],[75.12599,32.41174],[75.19616,32.3973],[75.23017,32.3802],[75.2984,32.33243],[75.32691,32.31247],[75.35295,32.28439],[75.35905,32.26168],[75.34861,32.24201],[75.31657,32.21075],[75.30841,32.1939],[75.29807,32.1598],[75.29466,32.14889],[75.26334,32.15091],[75.24991,32.14889],[75.22645,32.14207],[75.19575,32.12863],[75.17312,32.10972],[75.17415,32.08683],[75.16133,32.08796],[75.13839,32.09349],[75.12981,32.09024],[75.11896,32.08104],[75.11028,32.07763],[75.10211,32.07809],[75.04082,32.09799],[75.02263,32.09468],[75.03018,32.06642],[75.02015,32.06585],[74.99556,32.0674],[74.98615,32.06321],[74.9785,32.05339],[74.97406,32.04497],[74.96786,32.03789],[74.95566,32.03221],[74.93137,32.02983],[74.90884,32.0319],[74.8891,32.0289],[74.87319,32.01169],[74.82864,32.02544],[74.81128,32.00373],[74.80249,31.96885],[74.78368,31.94286],[74.76301,31.93898],[74.69842,31.95025],[74.66999,31.90415],[74.65718,31.89568],[74.64106,31.89056],[74.56561,31.84054],[74.55042,31.827],[74.5408,31.81088],[74.53739,31.78891],[74.53698,31.77574],[74.53512,31.77114],[74.53078,31.76783],[74.52303,31.75848],[74.52117,31.75377],[74.51827,31.74184],[74.51621,31.73739],[74.51331,31.73512],[74.50546,31.73202],[74.50329,31.73057],[74.49264,31.71455],[74.48944,31.71119],[74.49946,31.69987],[74.55558,31.61223],[74.58452,31.51751],[74.6146,31.47782],[74.61718,31.45891],[74.61191,31.4402],[74.60002,31.42413],[74.5837,31.40656],[74.5716,31.38925],[74.53223,31.30321],[74.5253,31.28021],[74.52509,31.23541],[74.50907,31.19567],[74.50639,31.17541],[74.50959,31.15608],[74.51486,31.14182],[74.52354,31.12932],[74.53677,31.11516],[74.5531,31.10895],[74.59692,31.11578],[74.61697,31.11526],[74.63196,31.10751],[74.65025,31.09314],[74.65883,31.08379],[74.60096,31.05661],[74.57946,31.04271],[74.56426,31.02503],[74.56406,31.00436],[74.54876,30.99217],[74.53481,30.97625],[74.51931,30.96245],[74.49946,30.95651],[74.47724,30.9561],[74.45853,30.95341],[74.44158,30.94617],[74.42432,30.93232],[74.41337,30.91507],[74.40913,30.90101],[74.40128,30.8931],[74.37968,30.8945],[74.35363,30.90111],[74.34247,30.90194],[74.32976,30.89961],[74.31922,30.89341],[74.31074,30.88447],[74.30402,30.87403],[74.31136,30.85595],[74.3002,30.83817],[74.27994,30.82468],[74.2602,30.81941],[74.25669,30.81528],[74.26578,30.79543],[74.26671,30.78835],[74.25917,30.78102],[74.24408,30.77125],[74.23571,30.76412],[74.21514,30.73745],[74.19881,30.725],[74.19116,30.71704],[74.18465,30.69684],[74.17008,30.68717],[74.16677,30.67911],[74.16367,30.6649],[74.15571,30.65958],[74.13266,30.65549],[74.11148,30.64624],[74.09587,30.63715],[74.08223,30.62588],[74.06745,30.61054],[74.05711,30.59157],[74.05825,30.57447],[74.06145,30.5556],[74.05753,30.53137],[74.04409,30.51866],[74.0044,30.50894],[73.99603,30.50098],[73.98983,30.4878],[73.93908,30.42605],[73.92926,30.41907],[73.91666,30.41716],[73.89991,30.42212],[73.90208,30.41561],[73.90425,30.40145],[73.90611,30.39484],[73.88761,30.39654],[73.86767,30.38745],[73.85175,30.37267],[73.84524,30.35696],[73.84235,30.35298],[73.89164,30.32978],[73.9119,30.30378],[73.93464,30.26105],[73.9489,30.21728],[73.94683,30.20408],[73.94435,30.18829],[73.77827,30.06731],[73.73972,30.04845],[73.55781,30.01254],[73.38522,29.94231],[73.37033,29.92732],[73.32744,29.80521],[73.28476,29.68374],[73.23287,29.5366],[73.17799,29.44345],[73.1289,29.3603],[73.05087,29.22822],[72.98865,29.15463],[72.96292,29.11683],[72.93036,29.04769],[72.91816,29.03285],[72.90152,29.02262],[72.77254,28.96335],[72.65854,28.911],[72.52563,28.84992],[72.38218,28.78401],[72.35458,28.76719],[72.28027,28.68716],[72.2565,28.64559],[72.19779,28.44488],[72.17764,28.39705],[72.14994,28.35377],[72.11098,28.31763],[71.98819,28.2281],[71.9083,28.13557],[71.89693,28.11555],[71.89156,28.0971],[71.87998,27.97491],[71.8744,27.95969],[71.86086,27.95021],[71.70139,27.90677],[71.56073,27.86853],[71.47711,27.86243],[71.39779,27.86838],[71.31144,27.86171],[71.22633,27.84536],[71.15067,27.82241],[71.02758,27.76805],[70.91379,27.71782],[70.83157,27.70146],[70.76176,27.70978],[70.71039,27.74115],[70.67174,27.7911],[70.64073,27.85479],[70.63763,27.87422],[70.64161,27.91127],[70.63319,27.93163],[70.6212,27.94414],[70.59288,27.9645],[70.55981,27.99845],[70.5349,28.01597],[70.50679,28.02896],[70.47723,28.03726],[70.45625,28.03979],[70.43692,28.03534],[70.39827,28.02165],[70.35951,28.01633],[70.34194,28.01147],[70.32385,28.00044],[70.26773,27.94527],[70.199,27.90096],[70.18903,27.89179],[70.10195,27.81174],[70.09069,27.79355],[70.01689,27.60059],[69.99354,27.57108],[69.90806,27.49729],[69.84802,27.41037],[69.73061,27.31032],[69.66611,27.27002],[69.57558,27.18842],[69.53444,27.12558],[69.50757,27.05008],[69.48597,26.92683],[69.46509,26.80777],[69.47284,26.76658],[69.50416,26.73517],[69.6594,26.6777],[69.70022,26.653],[69.77226,26.59507],[69.81556,26.58029],[70.05606,26.58908],[70.09368,26.58039],[70.1296,26.56251],[70.15807,26.53011],[70.16293,26.49332],[70.15699,26.41095],[70.1605,26.37131],[70.15714,26.354],[70.14795,26.33323],[70.14247,26.31369],[70.14402,26.29431],[70.15161,26.25406],[70.14691,26.21742],[70.13203,26.18047],[70.07829,26.09965],[70.07389,26.08311],[70.07291,26.04746],[70.06428,25.99552],[70.06464,25.98033],[70.08325,25.92994],[70.11498,25.88173],[70.15425,25.83941],[70.19559,25.80695],[70.21399,25.78633],[70.23445,25.73099],[70.24923,25.70768],[70.26458,25.6973],[70.3037,25.68458],[70.36013,25.67347],[70.47723,25.67632],[70.51666,25.68386],[70.55443,25.69879],[70.59226,25.70882],[70.63231,25.70138],[70.65386,25.67445],[70.65747,25.63363],[70.65282,25.54588],[70.64662,25.43137],[70.65371,25.4],[66.5911,25.4],[66.58709,25.42621],[66.56422,25.43944],[66.55055,25.4571],[66.54168,25.49217],[66.53102,25.51813],[66.51271,25.50837],[66.51059,25.51293],[66.50733,25.51756],[66.50587,25.52204],[66.49285,25.51805],[66.48658,25.52562],[66.48292,25.53823],[66.47788,25.5493],[66.4441,25.58251],[66.43702,25.59772],[66.41212,25.59056],[66.38771,25.59243],[66.37257,25.60391],[66.3755,25.62568],[66.35865,25.61449],[66.33855,25.6081],[66.30323,25.60456],[66.29127,25.60594],[66.27052,25.61164],[66.25815,25.61201],[66.25424,25.60961],[66.24838,25.60468],[66.23976,25.59992],[66.20395,25.59321],[66.18344,25.58161],[66.16717,25.56607],[66.15577,25.5493],[66.13738,25.51382],[66.1316,25.50837],[66.12086,25.50458],[66.10963,25.49543],[66.09995,25.48436],[66.09441,25.47484],[66.1211,25.47517],[66.20045,25.48786],[66.21306,25.49136],[66.22364,25.4995],[66.23845,25.51581],[66.24155,25.51846],[66.24513,25.52041],[66.24969,25.52163],[66.25514,25.52204],[66.2588,25.52485],[66.25831,25.5314],[66.25685,25.53848],[66.25815,25.54312],[66.27914,25.54999],[66.30934,25.55402],[66.33644,25.55337],[66.34832,25.54621],[66.35271,25.53555],[66.36354,25.53034],[66.37696,25.52704],[66.38852,25.52204],[66.39715,25.51288],[66.41196,25.49112],[66.42319,25.48102],[66.43727,25.49128],[66.45623,25.49604],[66.47584,25.49331],[66.4922,25.48102],[66.45753,25.45376],[66.49789,25.43049],[66.51157,25.41421],[66.49964,25.4],[66.48774,25.4],[66.4839,25.40054],[66.46551,25.41161],[66.43702,25.43325],[66.35955,25.46524],[66.31186,25.47492],[66.27866,25.46735],[66.2518,25.47289],[66.21949,25.46491],[66.18702,25.45295],[66.15919,25.44693],[66.06902,25.44623],[66.00465,25.42963],[65.92449,25.41861],[65.88152,25.41962],[65.85841,25.41755],[65.82399,25.40225],[65.8157,25.4],[64.0876,25.4],[64.08351,25.40351],[64.0796,25.41621],[64.08375,25.42674],[64.09376,25.43179],[64.10621,25.43325],[64.11744,25.43325],[64.14088,25.42886],[64.15089,25.43211],[64.15528,25.44693],[64.15073,25.4514],[64.14064,25.45336],[64.12729,25.45376],[64.08155,25.44375],[64.05649,25.44172],[64.04542,25.45034],[63.98959,25.42544],[63.97657,25.41279],[63.99138,25.41665],[63.99708,25.41962],[64.00424,25.40204],[64.00746,25.4],[64.01659,25.4],[64.02149,25.40274],[64.03517,25.41621],[64.04884,25.41649],[64.06107,25.4],[61.62817,25.4],[61.63306,25.4693],[61.63906,25.55493],[61.64319,25.61332],[61.6466,25.62769],[61.65249,25.6373],[61.66717,25.65048],[61.67348,25.65828],[61.67637,25.6928],[61.66531,25.73238],[61.66035,25.76918],[61.68143,25.79548],[61.70262,25.80008],[61.72195,25.79967],[61.73931,25.80328],[61.7545,25.81998],[61.76009,25.8376],[61.77063,25.90741],[61.78324,25.99061],[61.79274,26.05283],[61.8007,26.10662],[61.8099,26.16745],[61.81838,26.19845],[61.83295,26.22538],[61.85713,26.24238],[61.97775,26.27318],[62.01366,26.29462],[62.03226,26.30289],[62.05278,26.30858],[62.09417,26.31483],[62.10327,26.32511],[62.10689,26.34971],[62.12384,26.374],[62.16146,26.3695],[62.2059,26.35534],[62.24341,26.35064],[62.26512,26.36098],[62.26424,26.37519],[62.25447,26.39358],[62.249,26.41653],[62.25613,26.42893],[62.28755,26.45663],[62.29788,26.47404],[62.29695,26.48025],[62.29313,26.48588],[62.29013,26.49244],[62.29199,26.50123],[62.2983,26.50877],[62.30698,26.51368],[62.32651,26.52066],[62.33468,26.52484],[62.34759,26.53332],[62.35586,26.53662],[62.36527,26.5375],[62.38635,26.53662],[62.39669,26.53905],[62.40247,26.54381],[62.41064,26.55683],[62.41849,26.56231],[62.428,26.56479],[62.59533,26.5807],[62.6158,26.58711],[62.62412,26.59295],[62.63202,26.60039],[62.6406,26.60515],[62.65135,26.60318],[62.66251,26.59827],[62.67104,26.59771],[62.70194,26.60401],[62.71057,26.6069],[62.71801,26.61052],[62.72473,26.61512],[62.73506,26.63223],[62.74271,26.64132],[62.75356,26.64416],[62.82167,26.64261],[62.90002,26.64091],[62.99045,26.63889],[63.02941,26.63352],[63.06889,26.63254],[63.09804,26.63838],[63.1076,26.6376],[63.11623,26.63403],[63.12346,26.62944],[63.13127,26.62582],[63.14134,26.6254],[63.16377,26.64509],[63.17431,26.68504],[63.18227,26.83025],[63.18956,26.84601],[63.20604,26.85371],[63.24666,26.85955],[63.26165,26.87175],[63.26485,26.89004],[63.25648,26.90616],[63.24397,26.92244],[63.23498,26.94115],[63.22992,27.05406],[63.23136,27.06584],[63.2356,27.07587],[63.24625,27.08946],[63.24997,27.09954],[63.26092,27.11561],[63.28056,27.1232],[63.30242,27.12336],[63.31963,27.11731],[63.28557,27.18465],[63.27126,27.20341],[63.26061,27.21379],[63.25152,27.21896],[63.22682,27.22697],[63.21545,27.23322],[63.18956,27.25446],[63.1771,27.25844],[63.16698,27.2587],[63.1123,27.2432],[63.09943,27.24283],[63.08274,27.24438],[63.05618,27.2432],[63.00378,27.22878],[62.97784,27.22516],[62.9196,27.21488],[62.89242,27.21348],[62.86084,27.21963],[62.83738,27.23126],[62.82932,27.23364],[62.82229,27.2325],[62.80855,27.22537],[62.80064,27.22516],[62.7856,27.2325],[62.74235,27.26681],[62.75822,27.26769],[62.76809,27.27436],[62.77413,27.28552],[62.77878,27.29983],[62.78064,27.31606],[62.77568,27.32691],[62.75604,27.3481],[62.8086,27.45336],[62.8147,27.49496],[62.80932,27.54705],[62.79971,27.63927],[62.7947,27.68947],[62.78638,27.77027],[62.78028,27.82972],[62.75418,27.92584],[62.73568,27.99498],[62.7517,28.10872],[62.76638,28.21148],[62.76152,28.24644],[62.7393,28.25833],[62.57564,28.22903],[62.55544,28.24032],[62.49229,28.3007],[62.47772,28.3223],[62.4712,28.33969],[62.46428,28.34982],[62.45384,28.35569],[62.4372,28.36044],[62.42097,28.36855],[62.41074,28.3807],[62.40216,28.39411],[62.39054,28.40612],[62.36279,28.41889],[62.2307,28.44245],[62.1475,28.47527],[62.11557,28.48136],[62.04911,28.48632],[62.01883,28.4947],[61.97113,28.51898],[61.91129,28.53374],[61.89279,28.5426],[61.86116,28.57477],[61.79771,28.62657],[61.75616,28.67396],[61.65301,28.75633],[61.62397,28.78765],[61.59534,28.84269],[61.56651,28.87098],[61.56134,28.88594],[61.55896,28.90273],[61.55317,28.92214],[61.5109,29.00738],[61.50212,29.01771],[61.49095,29.02549],[61.47804,29.03066],[61.47028,29.0359],[61.46801,29.04174],[61.4708,29.04787],[61.47804,29.05433],[61.48723,29.06293],[61.49064,29.07203],[61.48775,29.08066],[61.47804,29.08748],[61.46088,29.09388],[61.45323,29.10838],[61.44796,29.12541],[61.43773,29.13962],[61.42688,29.14463],[61.41768,29.14566],[61.40858,29.14856],[61.39794,29.15907],[61.39277,29.17047],[61.39008,29.19543],[61.38698,29.20664],[61.37417,29.22385],[61.34233,29.25452],[61.33282,29.27491],[61.33282,29.29449],[61.34471,29.32953],[61.34657,29.34906],[61.33737,29.37438],[61.3198,29.38539],[61.29872,29.39265],[61.27918,29.40663],[61.19692,29.49228],[61.11868,29.57398],[61.04333,29.65243],[60.97801,29.72062],[60.9251,29.77498],[60.84438,29.85818],[60.876,29.84552],[60.94742,29.82552],[61.03062,29.80216],[61.11403,29.77873],[61.19723,29.75534],[61.28042,29.73201],[61.36373,29.70863],[61.44693,29.68532],[61.53023,29.66186],[61.61343,29.6385],[61.69663,29.6152],[61.77993,29.59179],[61.86323,29.56835],[61.94653,29.54505],[62.02963,29.52164],[62.11298,29.49823],[62.19629,29.47492],[62.27943,29.45149],[62.37447,29.42487],[62.47751,29.40782],[62.60258,29.41807],[62.63135,29.42043],[62.68039,29.42446],[62.72938,29.42849],[62.77842,29.43252],[62.82746,29.4366],[62.87645,29.44058],[62.92554,29.44464],[62.97453,29.44864],[63.02363,29.45267],[63.07261,29.45676],[63.1216,29.46079],[63.1707,29.46477],[63.21969,29.4688],[63.26868,29.47288],[63.31777,29.47691],[63.36681,29.48094],[63.41595,29.48497],[63.56861,29.49748],[63.78792,29.46058],[63.97199,29.42957],[64.08609,29.38661],[64.11338,29.39629],[64.14976,29.45846],[64.1726,29.4843],[64.20774,29.49998],[64.4777,29.57037],[64.49948,29.5702],[64.68389,29.56882],[64.82031,29.56789],[64.98661,29.54156],[65.03637,29.54016],[65.18143,29.57711],[65.23951,29.59184],[65.2976,29.60664],[65.35578,29.62142],[65.41366,29.63618],[65.47174,29.65096],[65.52973,29.66574],[65.58781,29.68057],[65.64584,29.69535],[65.70403,29.71015],[65.76206,29.72491],[65.82015,29.73974],[65.87823,29.75449],[65.93611,29.7693],[65.9943,29.78402],[66.05238,29.79885],[66.11047,29.81363],[66.19563,29.83534],[66.27521,29.88515],[66.30177,29.91569],[66.32244,29.94655],[66.32844,29.94954],[66.33681,29.95202],[66.34053,29.95657],[66.33236,29.96608],[66.30156,29.98675],[66.26043,30.02313],[66.22524,30.04442],[66.2193,30.05786],[66.22172,30.07372],[66.23635,30.1116],[66.30089,30.2256],[66.30529,30.24477],[66.30301,30.30528],[66.32182,30.43737],[66.31939,30.45783],[66.31376,30.4783],[66.30611,30.49111],[66.28193,30.51814],[66.26493,30.55783],[66.26798,30.60139],[66.36626,30.92287],[66.37536,30.93672],[66.39231,30.94462],[66.52749,30.96834],[66.55003,30.97697],[66.64397,31.06017],[66.66309,31.08312],[66.69699,31.19582],[66.72128,31.21029],[66.75952,31.21479],[66.78531,31.23179],[66.80861,31.25473],[66.83848,31.27701],[66.90592,31.30553],[66.94328,31.31473],[67.00209,31.31587],[67.01682,31.30915],[67.0239,31.2953],[67.02597,31.27303],[67.02343,31.26486],[67.0179,31.25871],[67.01387,31.25267],[67.01527,31.24466],[67.02286,31.23939],[67.03527,31.23592],[67.05821,31.23236],[67.07847,31.23205],[67.11686,31.24032],[67.13676,31.24109],[67.15671,31.23592],[67.19319,31.21851],[67.21376,31.21226],[67.23029,31.2106],[67.28218,31.21277],[67.3462,31.20776],[67.3646,31.21071],[67.4339,31.23608],[67.49333,31.24295],[67.53022,31.25665],[67.58366,31.26522],[67.60216,31.27112],[67.66593,31.30626],[67.67895,31.31659],[67.6928,31.32522],[67.70902,31.3293],[67.74944,31.32801],[67.76473,31.33406],[67.77507,31.35276],[67.77036,31.39467],[67.73429,31.40475],[67.65115,31.39529],[67.63141,31.4001],[67.61146,31.4108],[67.59699,31.42568],[67.5911,31.4648],[67.57808,31.48211],[67.5634,31.49725],[67.55611,31.51219],[67.56898,31.52986],[67.6005,31.53048],[67.66546,31.51813],[67.69631,31.52082],[67.7267,31.53141],[67.74828,31.54439],[67.78116,31.56417],[67.84271,31.6235],[67.87067,31.63518],[67.88431,31.63564],[67.9147,31.63135],[67.95521,31.63321],[67.96606,31.63822],[67.97733,31.65187],[67.99407,31.66344],[68.04657,31.6884],[68.05226,31.69543],[68.05557,31.71657],[68.06048,31.72556],[68.0935,31.75155],[68.09834,31.75912],[68.1045,31.76876],[68.12574,31.8115],[68.13856,31.82467],[68.15913,31.82591],[68.18476,31.81821],[68.20682,31.80788],[68.2323,31.79015],[68.24264,31.77692],[68.25504,31.76638],[68.27695,31.76359],[68.31653,31.76519],[68.35606,31.76251],[68.46097,31.73047],[68.49802,31.72525],[68.51518,31.72995],[68.53683,31.74101],[68.5498,31.75352],[68.5406,31.76251],[68.52127,31.76478],[68.46143,31.76359],[68.43957,31.76659],[68.42221,31.77315],[68.41875,31.78302],[68.43818,31.79604],[68.48148,31.81568],[68.5051,31.82266],[68.52748,31.82297],[68.56107,31.81181],[68.61946,31.78349],[68.67579,31.7747],[68.68829,31.7686],[68.69491,31.75636],[68.6979,31.71595],[68.70545,31.70127],[68.73118,31.67554],[68.77728,31.61859],[68.80384,31.60257],[68.84353,31.6065],[68.90699,31.6343],[68.94099,31.64365],[68.97727,31.64148],[69.00404,31.65109],[69.04011,31.67311],[69.07163,31.69786],[69.08475,31.71579],[69.10005,31.72401],[69.11431,31.73775],[69.22376,31.88193],[69.25095,31.90705],[69.29885,31.93769],[69.30116,31.94128],[69.30479,31.94694],[69.30216,31.95991],[69.27063,32.03598],[69.25105,32.13065],[69.25188,32.15225],[69.25952,32.19452],[69.25999,32.23682],[69.26697,32.27958],[69.2681,32.30134],[69.26443,32.32237],[69.23854,32.37828],[69.228,32.4213],[69.23286,32.46267],[69.25157,32.50055],[69.28195,32.5328],[69.30211,32.54378],[69.34355,32.55605],[69.36122,32.56848],[69.41393,32.63548],[69.42603,32.65509],[69.42913,32.66736],[69.4191,32.70046],[69.41724,32.718],[69.41466,32.72557],[69.40773,32.72994],[69.39915,32.73296],[69.39042,32.7379],[69.38324,32.74446],[69.37807,32.75232],[69.37631,32.77188],[69.38716,32.78534],[69.42106,32.80681],[69.44556,32.83567],[69.47145,32.85223],[69.47729,32.85683],[69.48721,32.88587],[69.4685,32.99429],[69.47813,33.01135],[69.48773,33.02837],[69.51419,33.05669],[69.54752,33.07501],[69.58777,33.07953],[69.60834,33.07907],[69.64069,33.08423],[69.6502,33.08186],[69.65878,33.07842],[69.66777,33.077],[69.68601,33.08077],[69.73298,33.1093],[69.77184,33.11478],[69.83871,33.08666],[69.88093,33.08925],[69.95581,33.12769],[69.96573,33.1294],[69.99472,33.12733],[70.00687,33.1318],[70.01452,33.14077],[70.048,33.19407],[70.05979,33.19805],[70.08366,33.19128],[70.10536,33.18981],[70.12479,33.19903],[70.29445,33.31895],[70.30158,33.35179],[70.28571,33.38287],[70.233,33.43261],[70.22784,33.43995],[70.22045,33.45602],[70.21337,33.46134],[70.18546,33.46897],[70.17761,33.47341],[70.16376,33.48865],[70.15497,33.50661],[70.15136,33.52586],[70.15301,33.54475],[70.17347,33.60787],[70.17409,33.63211],[70.17022,33.63867],[70.16252,33.64324],[70.14598,33.64989],[70.13689,33.65629],[70.13255,33.66143],[70.12655,33.67696],[70.11813,33.71652],[70.10815,33.7273],[70.06557,33.72102],[70.01183,33.74032],[69.99648,33.74209],[69.97266,33.74484],[69.95752,33.7527],[69.94723,33.77197],[69.9401,33.79148],[69.93132,33.80644],[69.90755,33.83561],[69.89876,33.8515],[69.88543,33.88946],[69.87649,33.90256],[69.84719,33.92695],[69.84109,33.94181],[69.85422,33.95635],[69.87199,33.97152],[69.87385,33.98632],[69.87044,34.00134],[69.87261,34.01723],[69.88925,34.03121],[69.91602,34.03888],[69.96909,34.04573],[70.00284,34.04379],[70.21885,33.98069],[70.27559,33.97617],[70.3099,33.96167],[70.32819,33.95728],[70.40896,33.95441],[70.49149,33.93961],[70.52198,33.9387],[70.65618,33.95475],[70.79132,33.95356],[70.86222,33.96478],[70.87999,33.99426],[70.88433,34.00705],[70.89431,34.00937],[70.92123,34.00224],[70.93973,34.00092],[70.95399,34.00482],[70.96572,34.01382],[70.97715,34.02741],[70.99771,34.03332],[71.0467,34.04188],[71.06262,34.05425],[71.06727,34.07301],[71.06386,34.08893],[71.06277,34.10531],[71.07388,34.12526],[71.10179,34.15182],[71.10809,34.16523],[71.10949,34.18921],[71.10654,34.20939],[71.09688,34.24434],[71.09709,34.26246],[71.12639,34.33222],[71.12205,34.35682],[71.05094,34.38979],[71.01983,34.41444],[70.99151,34.44307],[70.97084,34.46888],[70.96123,34.48761],[70.95565,34.51001],[70.95699,34.532],[70.96867,34.54973],[70.98336,34.55526],[70.98583,34.55619],[71.00696,34.55634],[71.04753,34.55112],[71.06582,34.55846],[71.07657,34.57851],[71.07988,34.6029],[71.07626,34.62362],[71.06877,34.64595],[71.07016,34.66124],[71.0806,34.67292],[71.15093,34.72031],[71.18954,34.73705],[71.20307,34.74816],[71.25563,34.81023],[71.27082,34.84428],[71.28948,34.87503],[71.32493,34.89756],[71.44524,34.93776],[71.45996,34.94267],[71.46957,34.9497],[71.4767,34.9603],[71.48538,34.9835],[71.49334,34.99404],[71.49334,34.99414],[71.49344,34.99414],[71.5043,35.0006],[71.51132,35.00872],[71.51298,35.01812],[71.5075,35.0282],[71.50895,35.07202],[71.53499,35.09858],[71.60414,35.13817],[71.62925,35.1701],[71.63793,35.18969],[71.63369,35.20312],[71.60321,35.22338],[71.54781,35.27563],[71.52982,35.3009],[71.53158,35.32792],[71.56228,35.36058],[71.61106,35.39546],[71.62088,35.41014],[71.62243,35.42962],[71.61395,35.44321],[71.60072,35.45546],[71.59342,35.46419],[71.58781,35.47091],[71.58171,35.49313],[71.58605,35.5121],[71.59287,35.53018],[71.59349,35.54936],[71.58419,35.56419],[71.56786,35.57421],[71.51277,35.59628],[71.49272,35.60956],[71.48332,35.62656],[71.49592,35.64661],[71.51401,35.66558],[71.5198,35.68377],[71.51536,35.70149],[71.50275,35.71906],[71.49613,35.72459],[71.48135,35.7341],[71.47556,35.74102],[71.47112,35.75229],[71.47102,35.76133],[71.47205,35.76996],[71.47091,35.77994],[71.4644,35.79472],[71.43102,35.8437],[71.4167,35.85885],[71.37133,35.88515],[71.36069,35.90029],[71.3564,35.93305],[71.34157,35.94726],[71.31253,35.95739],[71.28431,35.96246],[71.25744,35.97155],[71.23191,35.99398],[71.21785,36.00271],[71.18189,36.01884],[71.17093,36.027],[71.16991,36.0308],[71.16592,36.04571],[71.17538,36.06116],[71.20762,36.08762],[71.21263,36.09682],[71.2177,36.11805],[71.22307,36.12539],[71.2623,36.14612],[71.29268,36.1579],[71.30209,36.16332],[71.30901,36.17273],[71.31397,36.19402],[71.31914,36.20058],[71.38244,36.21857],[71.40275,36.23138],[71.47908,36.30052],[71.49582,36.30962],[71.51463,36.3152],[71.53892,36.31928],[71.55835,36.32786],[71.55267,36.34099],[71.54223,36.35639],[71.54719,36.37163],[71.5723,36.39168],[71.58036,36.40233],[71.58874,36.41845],[71.60072,36.4493],[71.61044,36.45793],[71.62915,36.45953],[71.6493,36.45276],[71.70687,36.42145],[71.73632,36.39592],[71.751,36.39111],[71.76692,36.39184],[71.78263,36.39654],[71.79441,36.4076],[71.79151,36.42129],[71.77456,36.44842],[71.77322,36.48005],[71.79379,36.49075],[71.85859,36.49416],[71.87471,36.49907],[71.88763,36.50801],[71.89972,36.51834],[71.91347,36.52759],[71.96091,36.5496],[71.97703,36.56304],[71.99781,36.57245],[72.03884,36.58046],[72.05496,36.59286],[72.0563,36.6019],[72.05217,36.61038],[72.05041,36.61864],[72.05909,36.62712],[72.07088,36.63229],[72.0961,36.6389],[72.15418,36.64546],[72.17165,36.65363],[72.16462,36.67006],[72.14963,36.68934],[72.15346,36.7021],[72.16968,36.71135],[72.21361,36.72644],[72.30197,36.74272],[72.34621,36.74489],[72.38734,36.75579],[72.43313,36.75342],[72.45411,36.75796],[72.51674,36.8006],[72.56521,36.8206],[72.6296,36.83295],[72.69585,36.83672],[72.77936,36.8268],[72.86773,36.83041],[72.89687,36.83698],[72.92106,36.84736],[72.94586,36.85222],[72.97676,36.84209],[72.99051,36.84158],[73.00229,36.84612],[73.02627,36.85946],[73.0425,36.86426],[73.19184,36.87703],[73.22347,36.87434],[73.25272,36.86803],[73.2675,36.86654],[73.28186,36.86798],[73.33178,36.88209],[73.37974,36.87925],[73.44588,36.88648],[73.47689,36.88287],[73.50934,36.87868],[73.64008,36.89664],[73.70948,36.89422],[73.71113,36.89416],[73.71133,36.89416],[73.71184,36.89414],[73.77289,36.89201],[73.83408,36.88287],[73.86508,36.87258],[73.94694,36.83088],[73.9767,36.82483],[74.00637,36.81574],[74.0353,36.81558],[74.09432,36.83124],[74.10393,36.84132],[74.10879,36.87563],[74.1153,36.88953],[74.12967,36.89842],[74.146,36.9017],[74.21173,36.89514],[74.23571,36.90217],[74.28459,36.93423],[74.3681,36.97676],[74.39404,36.99402],[74.43559,37.00322],[74.45698,37.00438],[74.47662,36.99932],[74.48034,36.99692],[74.48365,36.99397],[74.50174,36.97242],[74.52137,36.95849],[74.53739,36.96224],[74.54421,36.99402],[74.54814,37.00164],[74.54928,37.00893],[74.54742,37.01567],[74.54235,37.02167],[74.56178,37.02968],[74.62607,37.04275],[74.66245,37.05448],[74.67795,37.05169],[74.69222,37.03588],[74.71919,37.01645],[74.79257,37.01516],[74.8243,36.99413],[74.82451,36.99413],[74.85324,36.95899],[74.86089,36.94689],[74.86678,36.91656],[74.87236,36.9071],[74.8858,36.91144],[74.892,36.92098],[74.90078,36.94992],[74.9105,36.96255],[74.92497,36.97087],[74.94233,36.97699],[74.97685,36.98428],[75.01447,36.98449],[75.10015,36.99413],[75.11855,36.99123],[75.13281,36.98469],[75.16123,36.9642],[75.19513,36.94888],[75.31347,36.92875],[75.3513,36.91578],[75.37796,36.89429],[75.3945,36.86426],[75.40142,36.82587],[75.40339,36.78478],[75.41052,36.74732],[75.43191,36.72293],[75.49258,36.72071],[75.49888,36.72763],[75.50188,36.73797],[75.50798,36.74763],[75.57051,36.76675],[75.64978,36.75404],[75.72874,36.72319],[75.79055,36.68784],[75.84977,36.64474],[75.87478,36.61947],[75.97658,36.46263],[75.97681,36.46176],[75.98108,36.44544]]]]}},{"type":"Feature","properties":{"iso3":"TJK","nameFr":"Tadjikistan"},"geometry":{"type":"MultiPolygon","coordinates":[[[[70.5659,41.01838],[70.59345,41.00938],[70.61665,40.99352],[70.6305,40.97641],[70.64342,40.95228],[70.64507,40.93518],[70.62523,40.93869],[70.60838,40.95094],[70.57913,40.98086],[70.56249,40.99378],[70.56146,40.9946],[70.54978,41.01522],[70.5659,41.01838]]],[[[70.95896,40.23837],[70.97952,40.21408],[70.96288,40.18969],[70.92929,40.17062],[70.89855,40.16261],[70.84516,40.17181],[70.83183,40.1682],[70.82491,40.16354],[70.80672,40.15615],[70.80604,40.15765],[70.80269,40.16013],[70.79772,40.16194],[70.79214,40.16137],[70.78873,40.159],[70.78253,40.15259],[70.74346,40.12711],[70.72982,40.1207],[70.66595,40.10417],[70.63944,40.08494],[70.63474,40.05931],[70.63598,40.02851],[70.6274,39.99389],[70.61396,39.97575],[70.5966,39.96195],[70.5766,39.95224],[70.55505,39.94625],[70.51257,39.94516],[70.5009,39.94056],[70.49418,39.93167],[70.48596,39.90961],[70.47723,39.90092],[70.45563,39.90682],[70.44803,39.91999],[70.45087,39.93741],[70.46023,39.95612],[70.4732,39.97012],[70.48849,39.97854],[70.50503,39.98511],[70.52095,39.99374],[70.53562,40.01596],[70.52549,40.03368],[70.50214,40.04598],[70.47723,40.05203],[70.39765,40.06123],[70.35951,40.07404],[70.32427,40.0775],[70.30628,40.08479],[70.29026,40.09817],[70.27781,40.11207],[70.26349,40.12427],[70.24153,40.13275],[70.21854,40.13414],[70.16882,40.13166],[70.14717,40.13698],[70.00459,40.20876],[69.96956,40.2116],[69.57547,40.1036],[69.55883,40.10174],[69.54302,40.10308],[69.53661,40.10789],[69.52607,40.12319],[69.51801,40.1251],[69.51346,40.1207],[69.50922,40.10344],[69.50633,40.09693],[69.48571,40.07373],[69.46964,40.05099],[69.46313,40.02541],[69.47119,39.99368],[69.47512,39.98774],[69.47729,39.98159],[69.47812,39.97503],[69.47729,39.96816],[69.50044,39.9357],[69.50158,39.92247],[69.40535,39.89612],[69.3573,39.95947],[69.32784,39.98474],[69.31399,39.98691],[69.31032,39.9848],[69.31006,39.97865],[69.30567,39.96862],[69.28645,39.93575],[69.24071,39.82894],[69.22955,39.79054],[69.2263,39.75101],[69.23332,39.73267],[69.24836,39.71939],[69.26593,39.70776],[69.28009,39.69427],[69.28753,39.67779],[69.29115,39.65887],[69.28619,39.53971],[69.30035,39.51563],[69.33973,39.52808],[69.34593,39.53537],[69.34841,39.54317],[69.35202,39.54963],[69.36164,39.55288],[69.36722,39.54994],[69.39145,39.53051],[69.41218,39.52503],[69.45527,39.53046],[69.47729,39.5304],[69.4961,39.53258],[69.51439,39.53759],[69.53145,39.54565],[69.56493,39.56813],[69.58229,39.57355],[69.66942,39.57779],[69.71035,39.57407],[69.74983,39.56384],[69.79158,39.54539],[69.83045,39.53624],[69.90775,39.54849],[69.94863,39.54508],[69.97876,39.53444],[69.98713,39.5396],[70.00273,39.55686],[70.01968,39.56859],[70.04035,39.57361],[70.06227,39.57345],[70.08273,39.56978],[70.11627,39.55464],[70.13244,39.55004],[70.14898,39.55428],[70.15735,39.56389],[70.1852,39.61035],[70.20066,39.61949],[70.21027,39.60973],[70.21481,39.59112],[70.21502,39.57407],[70.20438,39.53816],[70.20603,39.5241],[70.22329,39.51909],[70.24107,39.52239],[70.33026,39.57309],[70.34318,39.57686],[70.35346,39.57593],[70.37429,39.57102],[70.38431,39.57087],[70.39041,39.57402],[70.39537,39.5795],[70.40147,39.58477],[70.41108,39.58746],[70.42762,39.59009],[70.45997,39.59955],[70.47723,39.6012],[70.49097,39.59686],[70.5135,39.58151],[70.52611,39.57562],[70.54358,39.57428],[70.58027,39.57955],[70.59784,39.57779],[70.62213,39.56353],[70.63598,39.5425],[70.6556,39.49466],[70.65592,39.49387],[70.65598,39.49371],[70.66672,39.48689],[70.69013,39.47919],[70.69975,39.47217],[70.70543,39.45852],[70.70305,39.44473],[70.69861,39.43139],[70.69809,39.41899],[70.71329,39.39842],[70.73974,39.38623],[70.77013,39.38209],[70.79762,39.38535],[70.82806,39.39858],[70.8401,39.40142],[70.85529,39.40173],[70.86418,39.40059],[70.87224,39.40297],[70.88449,39.41387],[70.90335,39.42085],[70.92516,39.41294],[70.94981,39.40075],[70.97715,39.39491],[71.00929,39.40762],[71.02758,39.43522],[71.04231,39.46788],[71.06293,39.49563],[71.0959,39.51237],[71.13745,39.52115],[71.17998,39.52302],[71.23692,39.51449],[71.24927,39.51439],[71.26007,39.52064],[71.29196,39.54896],[71.30591,39.55717],[71.34059,39.57169],[71.34787,39.57624],[71.36162,39.58756],[71.36854,39.59149],[71.37831,39.59417],[71.40673,39.59815],[71.44125,39.61066],[71.45954,39.61211],[71.49303,39.59624],[71.50965,39.585],[71.51091,39.58415],[71.52538,39.56916],[71.53137,39.55309],[71.526,39.53816],[71.50058,39.50922],[71.4921,39.49366],[71.51287,39.45883],[71.55432,39.44416],[71.60279,39.44235],[71.70459,39.45899],[71.72444,39.4594],[71.74025,39.44834],[71.74924,39.4255],[71.75183,39.39966],[71.74811,39.37956],[71.73663,39.36458],[71.7232,39.35398],[71.71297,39.34153],[71.7109,39.32096],[71.71834,39.30106],[71.73291,39.2851],[71.75121,39.27424],[71.77043,39.26954],[71.80702,39.27285],[71.8435,39.28505],[71.94231,39.33905],[71.95915,39.34587],[71.99646,39.35186],[72.0315,39.36669],[72.04979,39.36886],[72.06695,39.35848],[72.07811,39.33662],[72.08411,39.31125],[72.08576,39.29011],[72.09475,39.27507],[72.11553,39.26815],[72.15862,39.26262],[72.1671,39.25874],[72.18239,39.24934],[72.20327,39.24081],[72.20637,39.23461],[72.20648,39.22688],[72.20916,39.2173],[72.21857,39.20089],[72.22867,39.1895],[72.2289,39.18924],[72.24027,39.18991],[72.28141,39.25972],[72.30425,39.31357],[72.31634,39.32882],[72.33412,39.33383],[72.35592,39.3361],[72.39323,39.35083],[72.4107,39.35135],[72.44357,39.34478],[72.46041,39.34411],[72.47674,39.34613],[72.50806,39.37196],[72.51901,39.37569],[72.5341,39.37233],[72.55943,39.35956],[72.57576,39.3593],[72.58702,39.36489],[72.60614,39.38349],[72.61637,39.39041],[72.63374,39.3945],[72.65048,39.39377],[72.83527,39.3562],[72.85047,39.35672],[72.89367,39.3639],[72.91434,39.36271],[72.97676,39.35222],[72.99433,39.34783],[73.00932,39.34861],[73.05841,39.36881],[73.07113,39.37072],[73.08342,39.36783],[73.10099,39.36116],[73.13603,39.35346],[73.16786,39.35538],[73.26936,39.38256],[73.32641,39.39088],[73.33333,39.40111],[73.3355,39.41517],[73.34315,39.43067],[73.36765,39.4438],[73.47689,39.46478],[73.51224,39.46741],[73.60432,39.45961],[73.63264,39.44834],[73.63192,39.42881],[73.64256,39.37176],[73.6438,39.35129],[73.64132,39.33527],[73.61011,39.26546],[73.60226,39.23577],[73.60784,39.20732],[73.6314,39.1751],[73.67378,39.14262],[73.68297,39.12875],[73.69186,39.09446],[73.69817,39.07842],[73.70933,39.06547],[73.76865,39.02992],[73.80162,39.00144],[73.81599,38.99377],[73.82612,38.9769],[73.82912,38.96016],[73.82395,38.94494],[73.80958,38.93266],[73.78788,38.92708],[73.73992,38.92693],[73.71718,38.91858],[73.70292,38.90703],[73.68897,38.89109],[73.6808,38.87298],[73.6837,38.85494],[73.69579,38.84011],[73.72494,38.81456],[73.73589,38.80042],[73.73899,38.7811],[73.73269,38.73717],[73.73641,38.72167],[73.77227,38.67462],[73.77909,38.6602],[73.7886,38.61857],[73.79739,38.60284],[73.8164,38.58659],[73.83356,38.57796],[73.86973,38.56679],[73.8871,38.55904],[73.91728,38.53708],[73.93288,38.52966],[74.0289,38.52724],[74.04554,38.53041],[74.05877,38.54703],[74.05081,38.56266],[74.0381,38.57922],[74.03727,38.59847],[74.04492,38.60346],[74.0844,38.61403],[74.09143,38.62043],[74.09287,38.62875],[74.09267,38.63769],[74.09504,38.64576],[74.1091,38.66229],[74.12336,38.66948],[74.14041,38.66922],[74.20201,38.65232],[74.22144,38.64971],[74.24377,38.6502],[74.31343,38.66922],[74.3342,38.66699],[74.47662,38.61206],[74.64612,38.56111],[74.66431,38.54902],[74.67961,38.53491],[74.69645,38.52398],[74.71909,38.52153],[74.74203,38.52308],[74.76033,38.51998],[74.77634,38.51067],[74.79216,38.49403],[74.79226,38.49385],[74.80125,38.48282],[74.80849,38.47765],[74.82616,38.46964],[74.83288,38.46365],[74.83577,38.45517],[74.83712,38.44574],[74.84435,38.41724],[74.84414,38.39776],[74.83825,38.37942],[74.82668,38.36322],[74.7843,38.32567],[74.77479,38.30963],[74.77107,38.29154],[74.77128,38.19627],[74.79071,38.08145],[74.80993,38.05321],[74.88042,38.02166],[74.89282,37.99401],[74.88879,37.93092],[74.89117,37.90425],[74.89076,37.89771],[74.89396,37.89226],[74.90523,37.88694],[74.9137,37.88084],[74.91163,37.87376],[74.89458,37.85211],[74.88735,37.84893],[74.88321,37.84387],[74.88611,37.83056],[74.89117,37.82304],[74.8984,37.81759],[74.94925,37.79532],[74.96145,37.78547],[74.96517,37.76746],[74.96176,37.75808],[74.95442,37.74772],[74.93861,37.73082],[74.93189,37.72157],[74.92879,37.71243],[74.92693,37.70359],[74.92362,37.69532],[74.91091,37.68023],[74.89706,37.66757],[74.88611,37.65347],[74.88218,37.63442],[74.89189,37.5992],[74.91504,37.57073],[74.94522,37.54856],[75.03586,37.50639],[75.05343,37.49384],[75.10397,37.44061],[75.1325,37.41849],[75.16412,37.40064],[75.11524,37.3878],[75.09178,37.37844],[75.07958,37.36123],[75.0771,37.32421],[75.06842,37.31214],[74.9754,37.28429],[74.95153,37.28129],[74.93292,37.27251],[74.92373,37.25519],[74.91267,37.23899],[74.89231,37.23111],[74.86264,37.2446],[74.81686,37.30692],[74.78854,37.33116],[74.66038,37.39397],[74.63144,37.38108],[74.52985,37.37576],[74.52117,37.3756],[74.51269,37.37723],[74.47662,37.38609],[74.45481,37.39364],[74.4359,37.39234],[74.41833,37.38919],[74.38939,37.3934],[74.37813,37.39377],[74.3682,37.39637],[74.35363,37.41591],[74.34381,37.421],[74.33244,37.42035],[74.32087,37.41389],[74.3156,37.42692],[74.30382,37.40017],[74.27942,37.39751],[74.25038,37.40369],[74.22392,37.40335],[74.2077,37.38992],[74.20604,37.35565],[74.18765,37.33839],[74.16326,37.33007],[74.05215,37.31225],[73.9767,37.29028],[73.95562,37.28677],[73.89929,37.26548],[73.8564,37.26158],[73.83625,37.25675],[73.79821,37.22853],[73.78395,37.22589],[73.76865,37.22889],[73.74612,37.23055],[73.7362,37.22765],[73.71998,37.21755],[73.70923,37.21701],[73.70241,37.22117],[73.68804,37.2369],[73.68049,37.24246],[73.65993,37.24375],[73.61766,37.23318],[73.60164,37.24088],[73.5973,37.26181],[73.6099,37.28139],[73.63099,37.29599],[73.65197,37.30207],[73.69042,37.30522],[73.70499,37.31095],[73.72225,37.32245],[73.7391,37.33834],[73.74571,37.35286],[73.74592,37.3949],[73.74705,37.40312],[73.75346,37.42839],[73.7178,37.43182],[73.6745,37.43105],[73.60505,37.44578],[73.48526,37.48097],[73.44061,37.47994],[73.37839,37.45255],[73.36186,37.4564],[73.34501,37.46448],[73.32124,37.46702],[73.29633,37.46495],[73.27607,37.45947],[73.26026,37.45004],[73.21148,37.40826],[73.20063,37.40418],[73.17903,37.41074],[73.17024,37.40826],[73.1321,37.38439],[73.11639,37.36906],[73.09924,37.33987],[73.08777,37.32607],[73.06751,37.31506],[72.99557,37.3093],[72.92426,37.27483],[72.90225,37.2538],[72.87744,37.24687],[72.83052,37.23977],[72.79073,37.22026],[72.76096,37.1875],[72.71435,37.10998],[72.6727,37.05761],[72.6666,37.03833],[72.65771,37.02883],[72.50868,37.01108],[72.47499,36.99748],[72.40595,37.00766],[72.36099,37.00027],[72.25981,36.96731],[72.22033,36.94555],[72.2104,36.93661],[72.19593,36.91899],[72.18684,36.91139],[72.15284,36.89571],[72.12669,36.87274],[71.83658,36.69916],[71.79761,36.68608],[71.74852,36.67864],[71.69994,36.67864],[71.65302,36.68701],[71.61106,36.70484],[71.57737,36.73326],[71.56393,36.75068],[71.55287,36.76959],[71.54533,36.79],[71.53851,36.8361],[71.52848,36.85615],[71.47174,36.93005],[71.46306,36.94808],[71.45996,36.96979],[71.45996,37.01074],[71.45644,37.02255],[71.43918,37.0441],[71.43319,37.05474],[71.43112,37.06699],[71.43319,37.12735],[71.44104,37.16843],[71.44683,37.1836],[71.45376,37.19261],[71.45014,37.21667],[71.48704,37.26705],[71.48786,37.29499],[71.49386,37.30754],[71.49655,37.32852],[71.49468,37.37069],[71.48714,37.40909],[71.49024,37.42338],[71.50151,37.44578],[71.51122,37.48588],[71.49717,37.56655],[71.50151,37.61034],[71.50512,37.616],[71.51722,37.62923],[71.52207,37.63763],[71.52476,37.64773],[71.52951,37.67858],[71.54088,37.70971],[71.54254,37.71956],[71.54026,37.73051],[71.53117,37.75175],[71.52951,37.76113],[71.53778,37.77904],[71.57468,37.798],[71.59029,37.81573],[71.59421,37.83376],[71.59504,37.85754],[71.59339,37.87934],[71.59029,37.89144],[71.59773,37.89836],[71.56734,37.92807],[71.53706,37.94446],[71.5012,37.94621],[71.37919,37.91293],[71.361,37.90203],[71.34115,37.8933],[71.31976,37.90058],[71.28183,37.925],[71.27118,37.92619],[71.26354,37.92435],[71.25827,37.92647],[71.25454,37.93929],[71.25578,37.94988],[71.26591,37.97254],[71.27263,37.99799],[71.3024,38.04233],[71.31604,38.08328],[71.33454,38.11168],[71.34095,38.14093],[71.35909,38.1841],[71.36451,38.20682],[71.35816,38.25126],[71.33438,38.28066],[71.30012,38.2987],[71.2177,38.32583],[71.15595,38.37621],[71.1174,38.39864],[71.08939,38.40985],[71.07698,38.41218],[71.06494,38.41182],[71.05714,38.40903],[71.0498,38.40866],[71.03947,38.41533],[71.03296,38.42365],[71.02458,38.44192],[71.01864,38.44982],[71.00856,38.45858],[70.99823,38.46566],[70.98681,38.47091],[70.97404,38.47367],[70.95074,38.47305],[70.94345,38.46595],[70.94676,38.44324],[70.93622,38.433],[70.91224,38.43765],[70.871,38.45321],[70.85932,38.45166],[70.85359,38.44742],[70.84981,38.44282],[70.84304,38.44016],[70.8341,38.4406],[70.81798,38.44499],[70.80889,38.44636],[70.77726,38.44647],[70.76109,38.44352],[70.75421,38.43647],[70.74181,38.41944],[70.68331,38.41458],[70.66486,38.40541],[70.66486,38.39864],[70.68476,38.38665],[70.6767,38.37492],[70.64135,38.3542],[70.6321,38.35012],[70.60931,38.3512],[70.60001,38.34707],[70.59577,38.33818],[70.59557,38.32779],[70.5967,38.31758],[70.5966,38.30919],[70.58306,38.27508],[70.57304,38.27105],[70.55939,38.26818],[70.5472,38.26265],[70.53795,38.23805],[70.50854,38.1925],[70.4826,38.13736],[70.4703,38.12052],[70.46007,38.11225],[70.42596,38.10065],[70.41537,38.09452],[70.37119,38.0583],[70.32628,38.01127],[70.31796,38.00631],[70.29858,37.99813],[70.29378,37.99611],[70.28871,37.99081],[70.28375,37.98187],[70.27269,37.97817],[70.26091,37.97647],[70.25393,37.97339],[70.25042,37.96414],[70.25016,37.95562],[70.25368,37.9474],[70.26153,37.93929],[70.23812,37.93236],[70.21471,37.92926],[70.19223,37.93288],[70.17213,37.94608],[70.1605,37.92066],[70.16521,37.88991],[70.17916,37.86079],[70.196,37.83991],[70.20748,37.83562],[70.24034,37.82756],[70.24716,37.81917],[70.24985,37.80488],[70.25652,37.7918],[70.26556,37.78121],[70.27512,37.77418],[70.26959,37.76263],[70.27176,37.7487],[70.28189,37.71956],[70.28308,37.70483],[70.28055,37.69605],[70.27703,37.68798],[70.27512,37.67548],[70.26256,37.66088],[70.25771,37.65809],[70.25357,37.65458],[70.25388,37.64659],[70.25523,37.63747],[70.25393,37.6308],[70.2483,37.62334],[70.24608,37.62127],[70.24096,37.61714],[70.23766,37.61812],[70.21843,37.61745],[70.21647,37.61714],[70.20195,37.58799],[70.19941,37.57928],[70.1927,37.57603],[70.15787,37.54143],[70.12913,37.53228],[70.09906,37.53657],[70.06919,37.5452],[70.0417,37.54885],[70.048,37.54143],[70.01689,37.54598],[70.00759,37.54885],[70.00419,37.55137],[69.9985,37.55559],[69.99467,37.56226],[69.98951,37.56732],[69.97659,37.56934],[69.9554,37.57549],[69.94455,37.5897],[69.93524,37.60566],[69.91881,37.61714],[69.89525,37.61817],[69.85329,37.60122],[69.83293,37.59667],[69.823,37.59295],[69.81267,37.58585],[69.80223,37.58151],[69.79184,37.5861],[69.78445,37.59042],[69.76223,37.59579],[69.75427,37.59667],[69.72957,37.59409],[69.6873,37.57959],[69.66498,37.57616],[69.52865,37.58603],[69.50866,37.57897],[69.49145,37.53699],[69.46974,37.52014],[69.42541,37.49425],[69.42179,37.4895],[69.41559,37.47751],[69.41171,37.47252],[69.40401,37.46686],[69.38965,37.4588],[69.38448,37.45327],[69.37838,37.43741],[69.37631,37.41885],[69.37704,37.38067],[69.37895,37.37713],[69.3883,37.37511],[69.3912,37.37069],[69.39089,37.36532],[69.38851,37.36377],[69.38582,37.36315],[69.38448,37.36015],[69.38489,37.3509],[69.38644,37.34152],[69.38944,37.33292],[69.39461,37.32607],[69.40308,37.31116],[69.4097,37.27674],[69.41791,37.26767],[69.40985,37.24566],[69.42685,37.23946],[69.4452,37.23641],[69.44215,37.22362],[69.40773,37.17747],[69.3912,37.16466],[69.35084,37.14414],[69.33476,37.12905],[69.32391,37.12099],[69.31208,37.11748],[69.30862,37.11688],[69.28562,37.11293],[69.26578,37.10541],[69.24567,37.10389],[69.151,37.15505],[69.14573,37.15696],[69.12361,37.16921],[69.11431,37.17747],[69.09643,37.21303],[69.0784,37.22517],[69.05561,37.23711],[69.03577,37.25158],[69.02104,37.28796],[69.00548,37.30553],[68.98523,37.32036],[68.96543,37.32914],[68.89717,37.33597],[68.89365,37.33715],[68.88787,37.33814],[68.88508,37.33483],[68.8903,37.32294],[68.89676,37.31648],[68.91298,37.30677],[68.91763,37.30243],[68.92115,37.28796],[68.91582,37.27907],[68.90471,37.27669],[68.8903,37.28196],[68.87702,37.2961],[68.86802,37.31214],[68.85676,37.32491],[68.83583,37.32914],[68.81381,37.32341],[68.8102,37.31209],[68.82203,37.28196],[68.82462,37.26062],[68.82038,37.25091],[68.80849,37.25163],[68.77129,37.27072],[68.75961,37.27525],[68.74653,37.27623],[68.72591,37.27452],[68.68695,37.27902],[68.66886,37.27829],[68.65755,37.26767],[68.66266,37.26372],[68.66545,37.25938],[68.67124,37.24718],[68.64861,37.24437],[68.63641,37.22993],[68.63078,37.21383],[68.6269,37.20626],[68.60881,37.20409],[68.5714,37.19471],[68.55145,37.19261],[68.54654,37.18822],[68.53275,37.169],[68.52386,37.16466],[68.51332,37.16399],[68.46577,37.15536],[68.40371,37.15164],[68.41802,37.12828],[68.41146,37.11337],[68.39188,37.10544],[68.36583,37.10321],[68.34609,37.10691],[68.32666,37.11303],[68.30728,37.11422],[68.28832,37.10321],[68.28077,37.08665],[68.2816,37.06647],[68.28832,37.02441],[68.27778,37.01007],[68.25375,37.01022],[68.21256,37.02126],[68.18641,37.01831],[68.16796,37.00609],[68.15199,36.99278],[68.13339,36.98653],[68.12109,36.98028],[68.05495,36.93465],[68.04471,36.92922],[68.03273,36.92524],[68.02482,36.92552],[68.02022,36.92568],[68.01112,36.93087],[68.00606,36.93868],[68.00203,36.94749],[67.99619,36.95578],[67.96183,36.98994],[67.95294,36.99624],[67.92927,37.00624],[67.91842,37.01381],[67.9025,37.03438],[67.89196,37.05203],[67.87811,37.06443],[67.83289,37.07309],[67.80804,37.08324],[67.78535,37.09655],[67.77305,37.10998],[67.77197,37.12497],[67.78054,37.18887],[67.78509,37.20357],[67.80395,37.23344],[67.81543,37.26734],[67.82065,37.30331],[67.81718,37.34542],[67.79734,37.42444],[67.80122,37.46645],[67.82922,37.52794],[67.87186,37.5868],[67.92338,37.63879],[67.97733,37.67974],[68.05019,37.76041],[68.07965,37.80627],[68.12223,37.90833],[68.13995,37.9227],[68.17111,37.93107],[68.21773,37.93608],[68.23302,37.9398],[68.23802,37.94272],[68.24873,37.94895],[68.25623,37.96156],[68.26077,37.97678],[68.26827,37.99383],[68.26837,37.99391],[68.26847,37.99399],[68.26847,37.99412],[68.26858,37.99419],[68.28057,38.01324],[68.31953,38.06021],[68.34433,38.11545],[68.36066,38.17405],[68.35622,38.2126],[68.33204,38.24299],[68.25266,38.29875],[68.20083,38.32169],[68.18372,38.33549],[68.14672,38.38874],[68.10755,38.41828],[68.09804,38.43244],[68.09463,38.44698],[68.09257,38.47879],[68.08688,38.49403],[68.06259,38.52308],[68.05515,38.53631],[68.05252,38.55827],[68.05588,38.61573],[68.05371,38.63594],[68.04032,38.67335],[68.03763,38.69164],[68.04549,38.70671],[68.07076,38.72074],[68.07593,38.72686],[68.07665,38.7381],[68.07221,38.74735],[68.06632,38.75621],[68.06332,38.76632],[68.06673,38.78797],[68.07789,38.7934],[68.09562,38.79293],[68.11903,38.7967],[68.13597,38.80451],[68.15127,38.81513],[68.16367,38.82864],[68.17256,38.84528],[68.1737,38.86732],[68.16373,38.88747],[68.15339,38.8994],[68.13468,38.92098],[68.10094,38.97928],[68.08564,38.99377],[68.08544,38.9938],[68.08528,38.99395],[68.08507,38.99395],[68.07727,38.99553],[68.06911,38.9961],[68.06094,38.99553],[68.05309,38.99395],[68.03645,38.98439],[68.01981,38.97969],[68.00337,38.98212],[67.98797,38.99377],[67.98012,38.99739],[67.96327,39.00191],[67.94891,39.00201],[67.93485,38.99907],[67.92152,38.99387],[67.92126,38.99387],[67.92116,38.9938],[67.84524,38.97377],[67.81837,38.97341],[67.69052,38.98961],[67.67325,39.00298],[67.67223,39.00377],[67.67219,39.00399],[67.66722,39.02837],[67.67859,39.10593],[67.67673,39.11963],[67.67658,39.11982],[67.66758,39.13177],[67.66117,39.13337],[67.64453,39.13061],[67.63771,39.13154],[67.63213,39.13622],[67.62417,39.14738],[67.61983,39.15125],[67.58035,39.16361],[67.49901,39.16598],[67.37819,39.19949],[67.35008,39.21983],[67.35004,39.22006],[67.34269,39.25957],[67.3444,39.27383],[67.34646,39.28081],[67.35122,39.28525],[67.36062,39.29176],[67.37127,39.2945],[67.38026,39.29233],[67.38687,39.29419],[67.39442,39.32737],[67.40708,39.36101],[67.40816,39.39791],[67.41478,39.43811],[67.42728,39.47661],[67.43648,39.4857],[67.45168,39.48715],[67.47741,39.48441],[67.48237,39.48529],[67.48702,39.48715],[67.49116,39.4901],[67.49457,39.49371],[67.48764,39.538],[67.50743,39.55294],[67.58738,39.56265],[67.68045,39.61412],[67.7176,39.62337],[67.76452,39.6226],[68.10621,39.55412],[68.25586,39.55056],[68.33756,39.52792],[68.38661,39.52519],[68.43627,39.5288],[68.49771,39.54141],[68.51745,39.54844],[68.51727,39.54876],[68.51016,39.56141],[68.5067,39.56756],[68.52024,39.58255],[68.56293,39.60358],[68.58701,39.62316],[68.60034,39.64285],[68.60582,39.66688],[68.61584,39.82811],[68.62618,39.84961],[68.63775,39.84894],[68.65109,39.8447],[68.68509,39.86801],[68.70152,39.85845],[68.72819,39.82496],[68.74162,39.81964],[68.74834,39.82615],[68.75051,39.83607],[68.75061,39.84108],[68.75041,39.84248],[68.75754,39.85752],[68.76095,39.85912],[68.77144,39.86051],[68.77521,39.86253],[68.78736,39.8817],[68.78761,39.89576],[68.76524,39.93245],[68.75558,39.95405],[68.75201,39.97276],[68.75888,39.98056],[68.77976,39.96945],[68.80012,39.93513],[68.81537,39.89188],[68.83826,39.86465],[68.88079,39.87834],[68.87743,39.90056],[68.78937,39.99399],[68.78441,40.00402],[68.78291,40.01342],[68.78503,40.03394],[68.78162,40.04154],[68.76384,40.05249],[68.76172,40.06148],[68.7747,40.07988],[68.79041,40.07017],[68.81314,40.0389],[68.82606,40.04205],[68.86151,40.06582],[68.88177,40.07084],[68.95453,40.06205],[68.97727,40.06489],[68.98543,40.07714],[68.98698,40.09171],[68.98378,40.10701],[68.97727,40.12101],[68.93066,40.1468],[68.69654,40.11174],[68.68705,40.11032],[68.65171,40.12076],[68.60695,40.14231],[68.58112,40.16422],[68.60199,40.17543],[68.64273,40.18369],[68.69832,40.19496],[68.72054,40.19651],[68.77847,40.18876],[68.80188,40.19114],[68.83666,40.20644],[68.85655,40.21274],[69.01923,40.23207],[69.04202,40.22917],[69.07364,40.21694],[69.10801,40.20365],[69.19793,40.18297],[69.24769,40.18173],[69.28526,40.19496],[69.28526,40.21863],[69.2125,40.26876],[69.20836,40.29832],[69.23462,40.30085],[69.27311,40.28958],[69.30531,40.29382],[69.3127,40.34281],[69.30634,40.36498],[69.29549,40.38394],[69.26945,40.41981],[69.25973,40.43764],[69.23834,40.49396],[69.23823,40.49396],[69.19803,40.54585],[69.19844,40.56652],[69.23425,40.58528],[69.29497,40.58915],[69.30934,40.59582],[69.31347,40.60936],[69.3066,40.66253],[69.30717,40.69933],[69.3142,40.7293],[69.3296,40.75534],[69.35507,40.78035],[69.36928,40.7894],[69.38525,40.79612],[69.41776,40.80423],[69.43584,40.80268],[69.44918,40.79446],[69.46168,40.78433],[69.47729,40.77705],[69.50922,40.77467],[69.53186,40.7586],[69.57082,40.71245],[69.58261,40.70439],[69.60782,40.69178],[69.61888,40.68165],[69.63718,40.65793],[69.64751,40.64744],[69.66012,40.63871],[69.69092,40.63003],[69.71769,40.63628],[69.74156,40.65246],[69.78352,40.69297],[69.80332,40.70563],[69.82533,40.714],[70.00966,40.75803],[70.10423,40.81332],[70.20799,40.84459],[70.28039,40.87771],[70.33589,40.92696],[70.36354,41.03243],[70.40116,41.03998],[70.4457,41.02592],[70.45801,41.01574],[70.47723,40.99982],[70.47976,40.99647],[70.48291,40.99352],[70.51443,40.97259],[70.69685,40.81622],[70.70512,40.80743],[70.70316,40.78893],[70.68347,40.79451],[70.64869,40.81751],[70.62874,40.81586],[70.61934,40.8032],[70.62177,40.78599],[70.63742,40.77059],[70.72889,40.75446],[70.76713,40.73762],[70.7585,40.70392],[70.75629,40.69558],[70.75618,40.69514],[70.74067,40.6877],[70.73716,40.68356],[70.73551,40.67886],[70.7321,40.67499],[70.71566,40.67214],[70.70724,40.66899],[70.69292,40.66041],[70.67794,40.64992],[70.61717,40.61194],[70.58208,40.57876],[70.56931,40.57044],[70.55423,40.56502],[70.53945,40.56187],[70.52549,40.55711],[70.51195,40.54678],[70.48787,40.51556],[70.4778,40.50549],[70.46818,40.50249],[70.39935,40.49019],[70.36964,40.47552],[70.35382,40.45614],[70.35543,40.4351],[70.35703,40.4304],[70.35879,40.42771],[70.37196,40.41299],[70.37139,40.41335],[70.37356,40.4118],[70.38214,40.40394],[70.38493,40.39971],[70.37139,40.36493],[70.42121,40.34798],[70.44219,40.34333],[70.4641,40.34483],[70.48291,40.34927],[70.50193,40.35082],[70.52405,40.34374],[70.55061,40.31046],[70.56394,40.26421],[70.58182,40.22173],[70.62213,40.19956],[70.6643,40.1975],[70.70719,40.20018],[70.84971,40.23377],[70.93834,40.23992],[70.95896,40.23837]]],[[[70.49872,39.88191],[70.61991,39.8507],[70.65499,39.84977],[70.68662,39.86088],[70.69892,39.85845],[70.70641,39.84],[70.70481,39.82207],[70.69453,39.81483],[70.66161,39.80982],[70.63298,39.79845],[70.58161,39.76657],[70.57588,39.77008],[70.5473,39.80765],[70.53738,39.81731],[70.50348,39.8355],[70.49015,39.85018],[70.4826,39.86677],[70.48374,39.88222],[70.49872,39.88191]]]]}},{"type":"Feature","properties":{"iso3":"TKM","nameFr":"Turkménistan"},"geometry":{"type":"MultiPolygon","coordinates":[[[[61.26968,35.6185],[61.24539,35.6493],[61.23175,35.67188],[61.22916,35.6986],[61.23309,35.70459],[61.24673,35.7155],[61.24973,35.72247],[61.24901,35.7402],[61.24973,35.74578],[61.25634,35.7695],[61.25614,35.77937],[61.24973,35.78671],[61.25614,35.80913],[61.25552,35.82536],[61.2519,35.8404],[61.24735,35.87621],[61.24105,35.89388],[61.23216,35.91068],[61.22182,35.92453],[61.2058,35.94049],[61.18834,35.95357],[61.16808,35.96235],[61.14359,35.96551],[61.12984,35.97052],[61.14141,35.98235],[61.16178,35.99594],[61.17397,36.00649],[61.17459,36.01584],[61.17108,36.03594],[61.17397,36.04803],[61.18028,36.05279],[61.18968,36.05578],[61.19816,36.0608],[61.20198,36.0716],[61.20239,36.08074],[61.20415,36.09056],[61.20725,36.0995],[61.21221,36.10638],[61.22275,36.11754],[61.22472,36.12369],[61.22306,36.1288],[61.22048,36.15893],[61.20549,36.2211],[61.19092,36.24063],[61.18761,36.25035],[61.1872,36.27355],[61.18544,36.28399],[61.18141,36.29448],[61.17728,36.30037],[61.17108,36.30642],[61.16312,36.31158],[61.15351,36.31494],[61.15619,36.32187],[61.15774,36.32466],[61.16095,36.32864],[61.14669,36.35727],[61.15247,36.40631],[61.17397,36.48682],[61.16798,36.5018],[61.16632,36.51384],[61.17066,36.52444],[61.17686,36.53203],[61.18224,36.54165],[61.18617,36.55281],[61.18761,36.56511],[61.18596,36.57767],[61.18224,36.58692],[61.17397,36.60231],[61.16581,36.63632],[61.12519,36.64076],[61.07548,36.64779],[60.97295,36.64634],[60.8544,36.64464],[60.64108,36.64149],[60.50125,36.63947],[60.34229,36.63714],[60.30922,36.65198],[60.28865,36.68107],[60.25961,36.74241],[60.23852,36.76975],[60.13259,36.87341],[60.08639,36.93002],[60.04887,36.99402],[60.01921,37.0258],[59.98159,37.03883],[59.89953,37.05056],[59.86284,37.06782],[59.79721,37.11221],[59.65324,37.14967],[59.64259,37.15024],[59.63319,37.14626],[59.62151,37.13151],[59.61448,37.12549],[59.60497,37.12388],[59.59154,37.13233],[59.58461,37.1489],[59.57986,37.16781],[59.57273,37.18339],[59.55598,37.19778],[59.5412,37.19985],[59.50947,37.18982],[59.5012,37.19021],[59.49273,37.1936],[59.48467,37.19876],[59.47816,37.20414],[59.46172,37.2076],[59.45883,37.21476],[59.46183,37.223],[59.46307,37.22972],[59.46451,37.23246],[59.46813,37.23584],[59.46937,37.2407],[59.46348,37.24744],[59.44467,37.26419],[59.38204,37.30568],[59.37036,37.31943],[59.35072,37.38836],[59.34835,37.40929],[59.35165,37.42043],[59.35785,37.43027],[59.36199,37.43921],[59.3592,37.44751],[59.3532,37.45844],[59.3563,37.48063],[59.35165,37.49384],[59.33233,37.51513],[59.31228,37.53035],[59.28923,37.53518],[59.23311,37.51471],[59.21171,37.51632],[59.07828,37.59275],[59.04563,37.61962],[59.03457,37.62453],[59.00552,37.62801],[58.99219,37.63145],[58.97814,37.63951],[58.93866,37.65393],[58.86104,37.66809],[58.80109,37.69465],[58.79561,37.68773],[58.79313,37.67284],[58.7798,37.65964],[58.76926,37.6568],[58.75903,37.65615],[58.73774,37.65941],[58.72637,37.65938],[58.71924,37.65478],[58.71293,37.64881],[58.70425,37.64463],[58.68172,37.64272],[58.65909,37.6454],[58.61588,37.65951],[58.56565,37.69486],[58.54932,37.70158],[58.52979,37.70039],[58.51429,37.69147],[58.5023,37.67739],[58.4931,37.66067],[58.47967,37.64411],[58.4623,37.6375],[58.37176,37.63037],[58.35781,37.63331],[58.33146,37.6483],[58.31885,37.65305],[58.24092,37.66233],[58.22387,37.66747],[58.20681,37.67873],[58.20196,37.6901],[58.20185,37.70395],[58.19927,37.72219],[58.19575,37.72964],[58.17994,37.75305],[58.17912,37.76077],[58.18129,37.76793],[58.18118,37.77485],[58.17353,37.78162],[58.15669,37.78819],[58.14056,37.79113],[58.10687,37.79343],[58.04093,37.8057],[57.88415,37.86534],[57.84952,37.87273],[57.8333,37.87175],[57.81645,37.86865],[57.80002,37.86764],[57.78503,37.87257],[57.77914,37.87877],[57.77004,37.89389],[57.76302,37.89939],[57.75475,37.90102],[57.73842,37.898],[57.73483,37.89827],[57.72994,37.89864],[57.71713,37.90508],[57.70462,37.91371],[57.69119,37.92027],[57.6761,37.92048],[57.66111,37.91743],[57.61233,37.9166],[57.56137,37.92823],[57.54463,37.92999],[57.52768,37.92784],[57.51208,37.92407],[57.49626,37.92231],[57.3524,37.96753],[57.32707,37.99412],[57.34681,38.04693],[57.34929,38.06357],[57.34433,38.08106],[57.32294,38.10512],[57.31136,38.13501],[57.2786,38.16294],[57.26692,38.1769],[57.24884,38.21152],[57.22579,38.24237],[57.22155,38.25115],[57.22114,38.2586],[57.21835,38.26508],[57.20729,38.27074],[57.18589,38.27648],[57.17494,38.27756],[57.16398,38.27648],[57.14662,38.26981],[57.13791,38.26236],[57.13484,38.25973],[57.11468,38.23211],[57.1028,38.22201],[57.07045,38.20506],[57.0565,38.19524],[57.03841,38.18728],[57.01805,38.18981],[56.97836,38.20273],[56.82788,38.22495],[56.81238,38.22896],[56.77817,38.24449],[56.739,38.2696],[56.72938,38.27105],[56.68153,38.26462],[56.60133,38.23687],[56.58521,38.23457],[56.57177,38.2395],[56.55916,38.24738],[56.54521,38.2541],[56.52816,38.25741],[56.43648,38.25508],[56.4001,38.24413],[56.36641,38.22552],[56.30336,38.17943],[56.29706,38.16579],[56.32424,38.14114],[56.329,38.12377],[56.32548,38.10522],[56.31546,38.08946],[56.29975,38.08023],[56.21407,38.06884],[56.19784,38.07065],[56.16674,38.08079],[56.16187,38.08238],[56.12146,38.08646],[55.97842,38.06589],[55.96302,38.06651],[55.94907,38.07008],[55.92189,38.08145],[55.90504,38.08558],[55.85409,38.086],[55.83941,38.08992],[55.80035,38.1078],[55.73844,38.1186],[55.70867,38.11866],[55.51096,38.08584],[55.4474,38.08367],[55.42311,38.07589],[55.3488,38.0305],[55.32813,38.02212],[55.30746,38.00879],[55.29609,38.00755],[55.25051,37.99541],[55.2288,37.9858],[55.21971,37.96998],[55.20741,37.96616],[55.2,37.96505],[55.2,41.51069],[55.22839,41.47282],[55.25919,41.44465],[55.29412,41.4215],[55.35676,41.38905],[55.37257,41.37556],[55.38466,41.35856],[55.41267,41.30792],[55.42952,41.29081],[55.45029,41.27888],[55.4783,41.26678],[55.5093,41.25888],[55.6355,41.26436],[55.69441,41.28156],[55.78732,41.29169],[55.87662,41.32451],[55.91011,41.32663],[55.97842,41.32172],[56.14069,41.31515],[56.32682,41.30745],[56.53372,41.29897],[56.57001,41.29748],[56.79346,41.28833],[56.88793,41.27335],[57.01019,41.25412],[57.02952,41.2626],[57.06032,41.30492],[57.08006,41.32203],[57.12667,41.3396],[57.14796,41.35107],[57.15923,41.36115],[57.1614,41.36797],[57.15375,41.37236],[57.10363,41.38161],[57.08833,41.38729],[57.07417,41.39499],[57.05226,41.4136],[57.03304,41.43825],[57.0196,41.46595],[57.01505,41.49364],[57.01578,41.52899],[57.01205,41.55783],[57.00058,41.58403],[56.97836,41.61147],[56.96048,41.6472],[56.96162,41.67872],[56.96947,41.71089],[56.97195,41.74854],[56.94984,41.8275],[56.95015,41.86605],[56.97836,41.89512],[57.07438,41.92879],[57.11551,41.95209],[57.15292,41.99348],[57.15292,41.99374],[57.2078,42.07056],[57.28821,42.12942],[57.38226,42.16363],[57.47828,42.16652],[57.61977,42.14818],[57.66628,42.1551],[57.72157,42.17533],[57.7409,42.17874],[57.80922,42.17639],[57.82844,42.17955],[57.85045,42.19143],[57.84765,42.2],[60.02711,42.2],[60.0282,42.19952],[60.0404,42.18647],[60.03699,42.1697],[60.02055,42.16079],[60.00009,42.15451],[59.98366,42.14559],[59.97446,42.09924],[59.99409,42.0501],[59.9972,42.01062],[59.93787,41.99341],[59.93756,41.99341],[59.93725,41.99341],[59.93694,41.99348],[59.91927,41.98966],[59.908,41.97982],[59.90645,41.96661],[59.91751,41.95243],[59.93177,41.94765],[59.98366,41.94904],[60.08877,41.91935],[60.11822,41.90044],[60.14114,41.87422],[60.15253,41.86119],[60.16752,41.84959],[60.21486,41.82858],[60.22891,41.81962],[60.24111,41.80807],[60.25082,41.79427],[60.25268,41.78006],[60.24111,41.76706],[60.2254,41.76546],[60.20586,41.77203],[60.17134,41.78841],[60.13372,41.79729],[60.10241,41.79528],[60.07492,41.78104],[60.04918,41.7535],[60.05828,41.71859],[60.08908,41.67412],[60.15564,41.60333],[60.16473,41.58496],[60.15098,41.57235],[60.10964,41.55679],[60.09259,41.54548],[60.07957,41.53147],[60.07171,41.51437],[60.05921,41.43416],[60.06613,41.4105],[60.09424,41.38952],[60.20369,41.34709],[60.29992,41.30983],[60.36027,41.27634],[60.41453,41.23526],[60.44327,41.21966],[60.4781,41.21211],[60.53814,41.21325],[60.65886,41.24379],[60.8603,41.25299],[60.93026,41.24022],[60.97801,41.20281],[60.98463,41.20699],[60.99114,41.21247],[61.00432,41.22953],[61.01026,41.23723],[61.01408,41.2349],[61.01718,41.22596],[61.02277,41.21687],[61.08188,41.22451],[61.09966,41.2241],[61.2026,41.16881],[61.24322,41.1563],[61.28135,41.15728],[61.31587,41.17046],[61.34399,41.19382],[61.363,41.22519],[61.3875,41.23578],[61.39721,41.27097],[61.41075,41.292],[61.43318,41.30032],[61.47008,41.29717],[61.56733,41.27779],[61.65436,41.24942],[61.87791,41.12498],[61.89744,41.10881],[61.97082,41.01543],[61.9793,40.99884],[61.98271,40.97843],[61.98539,40.90789],[61.99025,40.89316],[61.98271,40.88567],[61.99387,40.86588],[62.02534,40.78196],[62.03681,40.73633],[62.04477,40.71498],[62.05573,40.70175],[62.0887,40.67437],[62.10006,40.66041],[62.12068,40.59897],[62.13417,40.57783],[62.17138,40.53996],[62.17727,40.53065],[62.18533,40.50786],[62.18706,40.50552],[62.19184,40.49903],[62.21344,40.48657],[62.26093,40.47572],[62.34362,40.43939],[62.35328,40.4304],[62.35638,40.38818],[62.36258,40.36968],[62.38832,40.33015],[62.39653,40.31201],[62.4002,40.29212],[62.40098,40.26561],[62.40506,40.24524],[62.43575,40.19419],[62.43968,40.1729],[62.4341,40.15481],[62.42578,40.13667],[62.4216,40.11507],[62.42439,40.09213],[62.44196,40.03596],[62.45281,40.00924],[62.52459,39.93973],[62.53539,39.93498],[62.59316,39.89023],[62.71016,39.82574],[62.84648,39.7506],[63.00895,39.66109],[63.33865,39.47945],[63.47755,39.40292],[63.54101,39.3561],[63.6485,39.23952],[63.70927,39.19089],[63.82006,39.12914],[63.95969,39.05136],[64.12061,38.96168],[64.15059,38.94946],[64.18014,38.94512],[64.20598,38.94946],[64.28339,38.97969],[64.31357,38.98248],[64.33734,38.97096],[64.36757,38.94037],[64.42432,38.88295],[64.6349,38.74415],[64.76336,38.68601],[64.91054,38.64534],[64.97772,38.61227],[65.11084,38.51726],[65.2053,38.44964],[65.34018,38.37781],[65.4396,38.32495],[65.60414,38.23741],[65.67163,38.21968],[65.7402,38.22408],[65.76599,38.23555],[65.81436,38.26619],[65.84288,38.27534],[65.87668,38.27296],[65.97745,38.23457],[66.04349,38.22619],[66.0716,38.21454],[66.13356,38.17529],[66.19842,38.16072],[66.23108,38.14878],[66.26043,38.12674],[66.30694,38.08039],[66.40833,38.04285],[66.43944,38.03546],[66.51592,38.0351],[66.55416,38.02685],[66.59038,38.01298],[66.62403,37.99401],[66.62423,37.99388],[66.62434,37.99383],[66.63652,37.96659],[66.64578,37.9459],[66.60904,37.88919],[66.55364,37.83201],[66.51881,37.78271],[66.51499,37.74349],[66.52295,37.66504],[66.51912,37.62525],[66.49721,37.55789],[66.49349,37.52221],[66.50713,37.49384],[66.52682,37.48037],[66.54269,37.46676],[66.54661,37.45079],[66.5308,37.43015],[66.51209,37.41482],[66.49701,37.39774],[66.49483,37.37942],[66.51959,37.36418],[66.5029,37.35565],[66.48522,37.34341],[66.46993,37.32976],[66.46145,37.32444],[66.45106,37.32294],[66.43866,37.3279],[66.42362,37.34568],[66.4135,37.34963],[66.38962,37.34718],[66.32069,37.32914],[66.29443,37.33121],[66.27438,37.34328],[66.25774,37.35684],[66.25085,37.35965],[66.24188,37.3633],[66.23253,37.36542],[66.21847,37.3748],[66.20772,37.37689],[66.17465,37.3755],[66.16307,37.37689],[66.14292,37.38506],[66.12561,37.3987],[66.09786,37.42841],[66.07967,37.44087],[65.85518,37.50794],[65.83606,37.51916],[65.82909,37.52562],[65.82108,37.53518],[65.80433,37.56531],[65.79648,37.56934],[65.77653,37.5729],[65.76144,37.57838],[65.75886,37.56412],[65.75266,37.53786],[65.73943,37.52905],[65.69829,37.52942],[65.68103,37.52639],[65.66884,37.52055],[65.65871,37.51027],[65.64832,37.49415],[65.64827,37.49394],[65.64817,37.49384],[65.63577,37.4741],[65.62574,37.45281],[65.62099,37.4304],[65.62889,37.38754],[65.62946,37.36542],[65.62409,37.34514],[65.61127,37.33106],[65.58316,37.30806],[65.53686,37.25711],[65.50141,37.24228],[65.48792,37.242],[65.06309,37.23323],[64.98909,37.21367],[64.80791,37.13551],[64.77876,37.11805],[64.76016,37.09262],[64.75561,37.05363],[64.77463,36.97759],[64.77876,36.93847],[64.76522,36.90462],[64.72855,36.85057],[64.62136,36.69259],[64.60482,36.66055],[64.59201,36.62107],[64.5888,36.60045],[64.58901,36.58025],[64.59371,36.55984],[64.60777,36.52165],[64.61051,36.50093],[64.60585,36.46108],[64.59438,36.42419],[64.57666,36.38961],[64.49816,36.29143],[64.4777,36.27164],[64.44457,36.24998],[64.41088,36.23986],[64.33724,36.22596],[64.31895,36.21975],[64.30365,36.21154],[64.29187,36.19945],[64.27606,36.15924],[64.26613,36.15247],[64.25373,36.15485],[64.23714,36.16043],[64.19591,36.16591],[64.1587,36.16027],[64.12335,36.14606],[64.05726,36.10524],[64.04465,36.09232],[64.03623,36.0764],[64.03638,36.05858],[64.04558,36.01129],[64.04511,35.99873],[63.94998,36.02886],[63.92197,36.03372],[63.90633,36.03173],[63.88983,36.02964],[63.85985,36.02209],[63.76591,35.97729],[63.7257,35.96887],[63.6023,35.96266],[63.58209,35.95905],[63.56344,35.95062],[63.54959,35.93905],[63.52592,35.91269],[63.51109,35.90184],[63.43022,35.87104],[63.34293,35.85626],[63.12527,35.86024],[63.10409,35.85647],[63.08863,35.84339],[63.0844,35.82608],[63.09132,35.81332],[63.1013,35.80055],[63.10569,35.78288],[63.11204,35.76991],[63.16326,35.73229],[63.17726,35.71689],[63.18393,35.71234],[63.20935,35.70449],[63.21441,35.69927],[63.21359,35.69229],[63.2077,35.6832],[63.1799,35.66645],[63.10316,35.64604],[63.07665,35.6247],[63.07494,35.60982],[63.07737,35.55876],[63.08057,35.54651],[63.09721,35.53545],[63.10073,35.52496],[63.09049,35.49355],[63.08626,35.45567],[63.08021,35.43706],[63.06683,35.42559],[63.04709,35.42135],[63.00554,35.41841],[62.98528,35.41458],[62.91821,35.38818],[62.82757,35.32932],[62.82306,35.32751],[62.76049,35.30245],[62.73424,35.28074],[62.72163,35.26643],[62.70861,35.25604],[62.69362,35.24839],[62.62107,35.22271],[62.60453,35.2194],[62.59564,35.22059],[62.56619,35.23077],[62.55544,35.23041],[62.54552,35.22803],[62.53549,35.22736],[62.52459,35.23217],[62.45891,35.28188],[62.43188,35.28064],[62.39932,35.25594],[62.30202,35.14752],[62.2862,35.14065],[62.27571,35.15103],[62.25685,35.18716],[62.25096,35.20235],[62.25261,35.24281],[62.25122,35.26038],[62.24434,35.27805],[62.2337,35.29376],[62.21902,35.30627],[62.16388,35.32617],[62.13634,35.34136],[62.03382,35.42399],[62.00746,35.43892],[61.97775,35.45091],[61.91935,35.45184],[61.79905,35.41748],[61.73962,35.41376],[61.60475,35.4306],[61.5387,35.45231],[61.49271,35.49417],[61.4277,35.54284],[61.41931,35.54589],[61.41261,35.54832],[61.40124,35.54982],[61.39318,35.55359],[61.38688,35.55954],[61.38026,35.56734],[61.37995,35.57132],[61.38388,35.58212],[61.38347,35.58646],[61.36765,35.59798],[61.36548,35.5985],[61.36393,35.59824],[61.35153,35.60713],[61.36011,35.6184],[61.36094,35.62103],[61.35153,35.6278],[61.34419,35.6309],[61.33572,35.6309],[61.28332,35.62263],[61.26968,35.6185]]]]}},{"type":"Feature","properties":{"iso3":"UZB","nameFr":"Ouzbékistan"},"geometry":{"type":"MultiPolygon","coordinates":[[[[71.78552,39.9897],[71.78976,39.97932],[71.76712,39.91545],[71.7573,39.9031],[71.7418,39.90077],[71.71617,39.90676],[71.69684,39.91384],[71.67535,39.92578],[71.66553,39.9402],[71.68175,39.95508],[71.70687,39.95612],[71.72413,39.96268],[71.76061,39.98371],[71.78552,39.9897]]],[[[70.95896,40.23837],[70.93834,40.23992],[70.84971,40.23377],[70.70719,40.20018],[70.6643,40.1975],[70.62213,40.19956],[70.58182,40.22173],[70.56394,40.26421],[70.55061,40.31046],[70.52405,40.34374],[70.50193,40.35082],[70.48291,40.34927],[70.4641,40.34483],[70.44219,40.34333],[70.42121,40.34798],[70.37139,40.36493],[70.38493,40.39971],[70.38214,40.40394],[70.37356,40.4118],[70.37139,40.41335],[70.37196,40.41299],[70.35879,40.42771],[70.35703,40.4304],[70.35543,40.4351],[70.35382,40.45614],[70.36964,40.47552],[70.39935,40.49019],[70.46818,40.50249],[70.4778,40.50549],[70.48787,40.51556],[70.51195,40.54678],[70.52549,40.55711],[70.53945,40.56187],[70.55423,40.56502],[70.56931,40.57044],[70.58208,40.57876],[70.61717,40.61194],[70.67794,40.64992],[70.69292,40.66041],[70.70724,40.66899],[70.71566,40.67214],[70.7321,40.67499],[70.73551,40.67886],[70.73716,40.68356],[70.74067,40.6877],[70.75618,40.69514],[70.75629,40.69558],[70.7585,40.70392],[70.76713,40.73762],[70.72889,40.75446],[70.63742,40.77059],[70.62177,40.78599],[70.61934,40.8032],[70.62874,40.81586],[70.64869,40.81751],[70.68347,40.79451],[70.70316,40.78893],[70.70512,40.80743],[70.69685,40.81622],[70.51443,40.97259],[70.48291,40.99352],[70.47976,40.99647],[70.47723,40.99982],[70.45801,41.01574],[70.4457,41.02592],[70.40116,41.03998],[70.36354,41.03243],[70.33589,40.92696],[70.28039,40.87771],[70.20799,40.84459],[70.10423,40.81332],[70.00966,40.75803],[69.82533,40.714],[69.80332,40.70563],[69.78352,40.69297],[69.74156,40.65246],[69.71769,40.63628],[69.69092,40.63003],[69.66012,40.63871],[69.64751,40.64744],[69.63718,40.65793],[69.61888,40.68165],[69.60782,40.69178],[69.58261,40.70439],[69.57082,40.71245],[69.53186,40.7586],[69.50922,40.77467],[69.47729,40.77705],[69.46168,40.78433],[69.44918,40.79446],[69.43584,40.80268],[69.41776,40.80423],[69.38525,40.79612],[69.36928,40.7894],[69.35507,40.78035],[69.3296,40.75534],[69.3142,40.7293],[69.30717,40.69933],[69.3066,40.66253],[69.31347,40.60936],[69.30934,40.59582],[69.29497,40.58915],[69.23425,40.58528],[69.19844,40.56652],[69.19803,40.54585],[69.23823,40.49396],[69.23834,40.49396],[69.25973,40.43764],[69.26945,40.41981],[69.29549,40.38394],[69.30634,40.36498],[69.3127,40.34281],[69.30531,40.29382],[69.27311,40.28958],[69.23462,40.30085],[69.20836,40.29832],[69.2125,40.26876],[69.28526,40.21863],[69.28526,40.19496],[69.24769,40.18173],[69.19793,40.18297],[69.10801,40.20365],[69.07364,40.21694],[69.04202,40.22917],[69.01923,40.23207],[68.85655,40.21274],[68.83666,40.20644],[68.80188,40.19114],[68.77847,40.18876],[68.72054,40.19651],[68.69832,40.19496],[68.64273,40.18369],[68.60199,40.17543],[68.58112,40.16422],[68.60695,40.14231],[68.65171,40.12076],[68.68705,40.11032],[68.69654,40.11174],[68.93066,40.1468],[68.97727,40.12101],[68.98378,40.10701],[68.98698,40.09171],[68.98543,40.07714],[68.97727,40.06489],[68.95453,40.06205],[68.88177,40.07084],[68.86151,40.06582],[68.82606,40.04205],[68.81314,40.0389],[68.79041,40.07017],[68.7747,40.07988],[68.76172,40.06148],[68.76384,40.05249],[68.78162,40.04154],[68.78503,40.03394],[68.78291,40.01342],[68.78441,40.00402],[68.78937,39.99399],[68.87743,39.90056],[68.88079,39.87834],[68.83826,39.86465],[68.81537,39.89188],[68.80012,39.93513],[68.77976,39.96945],[68.75888,39.98056],[68.75201,39.97276],[68.75558,39.95405],[68.76524,39.93245],[68.78761,39.89576],[68.78736,39.8817],[68.77521,39.86253],[68.77144,39.86051],[68.76095,39.85912],[68.75754,39.85752],[68.75041,39.84248],[68.75061,39.84108],[68.75051,39.83607],[68.74834,39.82615],[68.74162,39.81964],[68.72819,39.82496],[68.70152,39.85845],[68.68509,39.86801],[68.65109,39.8447],[68.63775,39.84894],[68.62618,39.84961],[68.61584,39.82811],[68.60582,39.66688],[68.60034,39.64285],[68.58701,39.62316],[68.56293,39.60358],[68.52024,39.58255],[68.5067,39.56756],[68.51016,39.56141],[68.51727,39.54876],[68.51745,39.54844],[68.49771,39.54141],[68.43627,39.5288],[68.38661,39.52519],[68.33756,39.52792],[68.25586,39.55056],[68.10621,39.55412],[67.76452,39.6226],[67.7176,39.62337],[67.68045,39.61412],[67.58738,39.56265],[67.50743,39.55294],[67.48764,39.538],[67.49457,39.49371],[67.49116,39.4901],[67.48702,39.48715],[67.48237,39.48529],[67.47741,39.48441],[67.45168,39.48715],[67.43648,39.4857],[67.42728,39.47661],[67.41478,39.43811],[67.40816,39.39791],[67.40708,39.36101],[67.39442,39.32737],[67.38687,39.29419],[67.38026,39.29233],[67.37127,39.2945],[67.36062,39.29176],[67.35122,39.28525],[67.34646,39.28081],[67.3444,39.27383],[67.34269,39.25957],[67.35004,39.22006],[67.35008,39.21983],[67.37819,39.19949],[67.49901,39.16598],[67.58035,39.16361],[67.61983,39.15125],[67.62417,39.14738],[67.63213,39.13622],[67.63771,39.13154],[67.64453,39.13061],[67.66117,39.13337],[67.66758,39.13177],[67.67658,39.11982],[67.67673,39.11963],[67.67859,39.10593],[67.66722,39.02837],[67.67219,39.00399],[67.67223,39.00377],[67.67325,39.00298],[67.69052,38.98961],[67.81837,38.97341],[67.84524,38.97377],[67.92116,38.9938],[67.92126,38.99387],[67.92152,38.99387],[67.93485,38.99907],[67.94891,39.00201],[67.96327,39.00191],[67.98012,38.99739],[67.98797,38.99377],[68.00337,38.98212],[68.01981,38.97969],[68.03645,38.98439],[68.05309,38.99395],[68.06094,38.99553],[68.06911,38.9961],[68.07727,38.99553],[68.08507,38.99395],[68.08528,38.99395],[68.08544,38.9938],[68.08564,38.99377],[68.10094,38.97928],[68.13468,38.92098],[68.15339,38.8994],[68.16373,38.88747],[68.1737,38.86732],[68.17256,38.84528],[68.16367,38.82864],[68.15127,38.81513],[68.13597,38.80451],[68.11903,38.7967],[68.09562,38.79293],[68.07789,38.7934],[68.06673,38.78797],[68.06332,38.76632],[68.06632,38.75621],[68.07221,38.74735],[68.07665,38.7381],[68.07593,38.72686],[68.07076,38.72074],[68.04549,38.70671],[68.03763,38.69164],[68.04032,38.67335],[68.05371,38.63594],[68.05588,38.61573],[68.05252,38.55827],[68.05515,38.53631],[68.06259,38.52308],[68.08688,38.49403],[68.09257,38.47879],[68.09463,38.44698],[68.09804,38.43244],[68.10755,38.41828],[68.14672,38.38874],[68.18372,38.33549],[68.20083,38.32169],[68.25266,38.29875],[68.33204,38.24299],[68.35622,38.2126],[68.36066,38.17405],[68.34433,38.11545],[68.31953,38.06021],[68.28057,38.01324],[68.26858,37.99419],[68.26847,37.99412],[68.26847,37.99399],[68.26837,37.99391],[68.26827,37.99383],[68.26077,37.97678],[68.25623,37.96156],[68.24873,37.94895],[68.23802,37.94272],[68.23302,37.9398],[68.21773,37.93608],[68.17111,37.93107],[68.13995,37.9227],[68.12223,37.90833],[68.07965,37.80627],[68.05019,37.76041],[67.97733,37.67974],[67.92338,37.63879],[67.87186,37.5868],[67.82922,37.52794],[67.80122,37.46645],[67.79734,37.42444],[67.81718,37.34542],[67.82065,37.30331],[67.81543,37.26734],[67.80395,37.23344],[67.78509,37.20357],[67.78054,37.18887],[67.776,37.20755],[67.76427,37.22088],[67.74659,37.22941],[67.72587,37.23354],[67.69016,37.23225],[67.6775,37.23354],[67.66644,37.23801],[67.64464,37.25122],[67.63316,37.25406],[67.62179,37.25292],[67.60273,37.24827],[67.59229,37.24718],[67.58603,37.24261],[67.57994,37.23266],[67.57219,37.22316],[67.56138,37.2199],[67.545,37.23153],[67.52614,37.27289],[67.50315,37.28196],[67.48237,37.27736],[67.46397,37.26628],[67.43111,37.23977],[67.41126,37.22791],[67.39116,37.21959],[67.36951,37.21468],[67.34522,37.21303],[67.31959,37.20843],[67.28145,37.18866],[67.25913,37.18515],[67.23675,37.19241],[67.22528,37.2077],[67.21799,37.22626],[67.20797,37.24346],[67.18782,37.25824],[67.14348,37.27186],[67.12332,37.28196],[67.11392,37.29718],[67.09738,37.34059],[67.08508,37.34963],[67.0641,37.35457],[67.0241,37.37749],[67.00591,37.38439],[66.95765,37.38521],[66.86577,37.36793],[66.73498,37.3633],[66.72443,37.36015],[66.70474,37.34653],[66.6941,37.34341],[66.66702,37.34431],[66.65467,37.34615],[66.58858,37.36847],[66.5646,37.37069],[66.53902,37.36909],[66.51959,37.36418],[66.49483,37.37942],[66.49701,37.39774],[66.51209,37.41482],[66.5308,37.43015],[66.54661,37.45079],[66.54269,37.46676],[66.52682,37.48037],[66.50713,37.49384],[66.49349,37.52221],[66.49721,37.55789],[66.51912,37.62525],[66.52295,37.66504],[66.51499,37.74349],[66.51881,37.78271],[66.55364,37.83201],[66.60904,37.88919],[66.64578,37.9459],[66.63652,37.96659],[66.62434,37.99383],[66.62423,37.99388],[66.62403,37.99401],[66.59038,38.01298],[66.55416,38.02685],[66.51592,38.0351],[66.43944,38.03546],[66.40833,38.04285],[66.30694,38.08039],[66.26043,38.12674],[66.23108,38.14878],[66.19842,38.16072],[66.13356,38.17529],[66.0716,38.21454],[66.04349,38.22619],[65.97745,38.23457],[65.87668,38.27296],[65.84288,38.27534],[65.81436,38.26619],[65.76599,38.23555],[65.7402,38.22408],[65.67163,38.21968],[65.60414,38.23741],[65.4396,38.32495],[65.34018,38.37781],[65.2053,38.44964],[65.11084,38.51726],[64.97772,38.61227],[64.91054,38.64534],[64.76336,38.68601],[64.6349,38.74415],[64.42432,38.88295],[64.36757,38.94037],[64.33734,38.97096],[64.31357,38.98248],[64.28339,38.97969],[64.20598,38.94946],[64.18014,38.94512],[64.15059,38.94946],[64.12061,38.96168],[63.95969,39.05136],[63.82006,39.12914],[63.70927,39.19089],[63.6485,39.23952],[63.54101,39.3561],[63.47755,39.40292],[63.33865,39.47945],[63.00895,39.66109],[62.84648,39.7506],[62.71016,39.82574],[62.59316,39.89023],[62.53539,39.93498],[62.52459,39.93973],[62.45281,40.00924],[62.44196,40.03596],[62.42439,40.09213],[62.4216,40.11507],[62.42578,40.13667],[62.4341,40.15481],[62.43968,40.1729],[62.43575,40.19419],[62.40506,40.24524],[62.40098,40.26561],[62.4002,40.29212],[62.39653,40.31201],[62.38832,40.33015],[62.36258,40.36968],[62.35638,40.38818],[62.35328,40.4304],[62.34362,40.43939],[62.26093,40.47572],[62.21344,40.48657],[62.19184,40.49903],[62.18706,40.50552],[62.18533,40.50786],[62.17727,40.53065],[62.17138,40.53996],[62.13417,40.57783],[62.12068,40.59897],[62.10006,40.66041],[62.0887,40.67437],[62.05573,40.70175],[62.04477,40.71498],[62.03681,40.73633],[62.02534,40.78196],[61.99387,40.86588],[61.98271,40.88567],[61.99025,40.89316],[61.98539,40.90789],[61.98271,40.97843],[61.9793,40.99884],[61.97082,41.01543],[61.89744,41.10881],[61.87791,41.12498],[61.65436,41.24942],[61.56733,41.27779],[61.47008,41.29717],[61.43318,41.30032],[61.41075,41.292],[61.39721,41.27097],[61.3875,41.23578],[61.363,41.22519],[61.34399,41.19382],[61.31587,41.17046],[61.28135,41.15728],[61.24322,41.1563],[61.2026,41.16881],[61.09966,41.2241],[61.08188,41.22451],[61.02277,41.21687],[61.01718,41.22596],[61.01408,41.2349],[61.01026,41.23723],[61.00432,41.22953],[60.99114,41.21247],[60.98463,41.20699],[60.97801,41.20281],[60.93026,41.24022],[60.8603,41.25299],[60.65886,41.24379],[60.53814,41.21325],[60.4781,41.21211],[60.44327,41.21966],[60.41453,41.23526],[60.36027,41.27634],[60.29992,41.30983],[60.20369,41.34709],[60.09424,41.38952],[60.06613,41.4105],[60.05921,41.43416],[60.07171,41.51437],[60.07957,41.53147],[60.09259,41.54548],[60.10964,41.55679],[60.15098,41.57235],[60.16473,41.58496],[60.15564,41.60333],[60.08908,41.67412],[60.05828,41.71859],[60.04918,41.7535],[60.07492,41.78104],[60.10241,41.79528],[60.13372,41.79729],[60.17134,41.78841],[60.20586,41.77203],[60.2254,41.76546],[60.24111,41.76706],[60.25268,41.78006],[60.25082,41.79427],[60.24111,41.80807],[60.22891,41.81962],[60.21486,41.82858],[60.16752,41.84959],[60.15253,41.86119],[60.14114,41.87422],[60.11822,41.90044],[60.08877,41.91935],[59.98366,41.94904],[59.93177,41.94765],[59.91751,41.95243],[59.90645,41.96661],[59.908,41.97982],[59.91927,41.98966],[59.93694,41.99348],[59.93725,41.99341],[59.93756,41.99341],[59.93787,41.99341],[59.9972,42.01062],[59.99409,42.0501],[59.97446,42.09924],[59.98366,42.14559],[60.00009,42.15451],[60.02055,42.16079],[60.03699,42.1697],[60.0404,42.18647],[60.0282,42.19952],[60.02711,42.2],[57.84765,42.2],[57.85045,42.19143],[57.82844,42.17955],[57.80922,42.17639],[57.7409,42.17874],[57.72157,42.17533],[57.66628,42.1551],[57.61977,42.14818],[57.47828,42.16652],[57.38226,42.16363],[57.28821,42.12942],[57.2078,42.07056],[57.15292,41.99374],[57.15292,41.99348],[57.11551,41.95209],[57.07438,41.92879],[56.97836,41.89512],[56.95015,41.86605],[56.94984,41.8275],[56.97195,41.74854],[56.96947,41.71089],[56.96162,41.67872],[56.96048,41.6472],[56.97836,41.61147],[57.00058,41.58403],[57.01205,41.55783],[57.01578,41.52899],[57.01505,41.49364],[57.0196,41.46595],[57.03304,41.43825],[57.05226,41.4136],[57.07417,41.39499],[57.08833,41.38729],[57.10363,41.38161],[57.15375,41.37236],[57.1614,41.36797],[57.15923,41.36115],[57.14796,41.35107],[57.12667,41.3396],[57.08006,41.32203],[57.06032,41.30492],[57.02952,41.2626],[57.01019,41.25412],[56.88793,41.27335],[56.79346,41.28833],[56.57001,41.29748],[56.53372,41.29897],[56.32682,41.30745],[56.14069,41.31515],[55.97842,41.32172],[55.97822,41.55126],[55.97801,41.78068],[55.97791,42.01015],[55.97773,42.2],[66.00991,42.2],[66.00649,42.01343],[66.00753,42.00806],[66.00866,42.00266],[66.0129,42.00007],[66.01724,41.99762],[66.13765,41.99723],[66.24736,41.99692],[66.3566,41.99664],[66.47737,41.99622],[66.48119,41.99664],[66.48481,41.99702],[66.48863,41.9969],[66.49241,41.99679],[66.49577,41.99617],[66.49918,41.9956],[66.50166,41.99452],[66.50414,41.99348],[66.52145,41.86711],[66.53886,41.74076],[66.5707,41.61731],[66.60263,41.4938],[66.64552,41.34647],[66.68821,41.19919],[66.71074,41.17862],[66.73296,41.15806],[66.75789,41.15314],[66.77409,41.14994],[66.81528,41.14188],[66.9314,41.14715],[67.02896,41.15149],[67.17479,41.15811],[67.28171,41.16297],[67.4093,41.1687],[67.49054,41.17242],[67.62024,41.17837],[67.74814,41.1841],[67.75956,41.18167],[67.77093,41.1793],[67.79202,41.17098],[67.813,41.16271],[67.82395,41.15976],[67.83491,41.15687],[67.84452,41.1579],[67.85413,41.15899],[67.88307,41.17346],[67.91201,41.18798],[67.92467,41.19418],[67.93743,41.20038],[67.94353,41.18612],[67.94947,41.17191],[67.95077,41.17123],[67.9519,41.17056],[67.95542,41.16498],[67.95893,41.15945],[67.98095,41.13749],[68.00306,41.11563],[68.00813,41.10674],[68.01319,41.09785],[68.01712,41.07853],[68.02115,41.05915],[68.02766,41.05093],[68.03438,41.04272],[68.04032,41.04644],[68.04637,41.05021],[68.05278,41.05253],[68.05908,41.05476],[68.06518,41.05408],[68.07138,41.05331],[68.07686,41.04799],[68.08213,41.04272],[68.08905,41.05393],[68.09598,41.06514],[68.10662,41.06592],[68.11737,41.06675],[68.11934,41.0561],[68.1212,41.04551],[68.1213,41.04437],[68.12145,41.04328],[68.12016,41.03868],[68.11892,41.03403],[68.12368,41.03285],[68.12848,41.03166],[68.12998,41.03062],[68.13132,41.02964],[68.11985,41.02323],[68.10822,41.01683],[68.10404,41.01522],[68.0997,41.01362],[68.10378,41.01192],[68.10786,41.01026],[68.11034,41.00789],[68.11267,41.00551],[68.11675,40.99967],[68.12089,40.99383],[68.12078,40.97952],[68.12058,40.9653],[68.11572,40.94851],[68.11076,40.93166],[68.10332,40.91533],[68.09598,40.89895],[68.08823,40.88593],[68.08058,40.87296],[68.07515,40.8664],[68.06952,40.85983],[68.06213,40.85353],[68.05474,40.84722],[68.04652,40.84226],[68.0382,40.8372],[68.02063,40.83115],[68.00306,40.82516],[67.99862,40.82206],[67.99407,40.81896],[67.99252,40.81503],[67.99092,40.8111],[67.99423,40.80934],[67.99748,40.80754],[68.01733,40.80428],[68.03707,40.80108],[68.05226,40.79451],[68.0675,40.788],[68.11324,40.75353],[68.15892,40.71912],[68.19241,40.69902],[68.2261,40.67886],[68.2665,40.6627],[68.34392,40.63173],[68.46174,40.58466],[68.4634,40.58719],[68.46505,40.58972],[68.47115,40.59447],[68.47735,40.59923],[68.48489,40.59892],[68.49244,40.59861],[68.49631,40.60212],[68.49988,40.60564],[68.50267,40.60998],[68.50546,40.61432],[68.51011,40.61675],[68.51481,40.61912],[68.52055,40.61835],[68.52634,40.61757],[68.54634,40.61003],[68.56623,40.60248],[68.57967,40.60093],[68.593,40.59949],[68.60354,40.60429],[68.61424,40.6091],[68.61739,40.61566],[68.62039,40.62222],[68.61067,40.6261],[68.60111,40.63003],[68.61326,40.64517],[68.62545,40.66041],[68.62638,40.66377],[68.62742,40.66713],[68.62313,40.67271],[68.61884,40.67824],[68.61543,40.68444],[68.61212,40.69054],[68.61036,40.69695],[68.6085,40.70336],[68.60902,40.70961],[68.60943,40.71581],[68.59693,40.71808],[68.58422,40.72036],[68.57936,40.72243],[68.5746,40.72449],[68.57047,40.72847],[68.56634,40.7325],[68.56303,40.7418],[68.55977,40.75131],[68.55466,40.79317],[68.5497,40.83503],[68.55145,40.84273],[68.55342,40.85043],[68.55616,40.85291],[68.559,40.85549],[68.5621,40.85735],[68.56541,40.85916],[68.56871,40.86485],[68.57187,40.87048],[68.57254,40.87528],[68.57316,40.88014],[68.57181,40.89136],[68.57057,40.90252],[68.57068,40.908],[68.57088,40.91352],[68.573,40.91254],[68.57533,40.91161],[68.57998,40.91022],[68.58473,40.90882],[68.5869,40.90769],[68.58918,40.9066],[68.59465,40.91838],[68.60013,40.93006],[68.61398,40.9373],[68.62793,40.94453],[68.64952,40.95169],[68.65863,40.95471],[68.68938,40.96494],[68.69956,40.9744],[68.70953,40.98375],[68.72788,41.0238],[68.74627,41.0638],[68.75986,41.07553],[68.77377,41.08726],[68.80818,41.09868],[68.84244,41.1101],[68.8549,41.12638],[68.86735,41.14255],[68.87366,41.14907],[68.88022,41.15553],[68.8905,41.15811],[68.90084,41.16064],[68.92223,41.16276],[68.94378,41.16488],[68.96171,41.1716],[68.97975,41.17821],[68.99701,41.1871],[69.01406,41.19604],[69.02259,41.2024],[69.03122,41.20875],[69.03514,41.21449],[69.03918,41.22028],[69.04693,41.26787],[69.05478,41.31541],[69.05437,41.32363],[69.05396,41.3319],[69.05251,41.33779],[69.05116,41.34363],[69.04972,41.34544],[69.04832,41.34724],[69.046,41.34854],[69.04352,41.34988],[69.03887,41.35432],[69.03427,41.35872],[69.03297,41.36285],[69.03158,41.36699],[69.0339,41.3705],[69.03618,41.37401],[69.04031,41.37665],[69.04445,41.37918],[69.06755,41.38776],[69.09065,41.39629],[69.10005,41.39851],[69.10946,41.40068],[69.11881,41.39794],[69.12806,41.39515],[69.13312,41.40554],[69.13819,41.41592],[69.15038,41.42497],[69.16268,41.43406],[69.18986,41.44708],[69.21715,41.46005],[69.22531,41.4614],[69.23332,41.46264],[69.24816,41.45856],[69.26293,41.45458],[69.27027,41.45535],[69.27756,41.45618],[69.29683,41.46548],[69.31616,41.47483],[69.32355,41.47638],[69.33115,41.47793],[69.36081,41.4738],[69.39068,41.46972],[69.39647,41.47235],[69.40236,41.47483],[69.40174,41.48],[69.40112,41.48517],[69.39275,41.49674],[69.38448,41.50822],[69.38272,41.51349],[69.38081,41.51881],[69.38737,41.53188],[69.39378,41.54496],[69.40711,41.55225],[69.42034,41.55953],[69.44881,41.56635],[69.47729,41.57312],[69.52819,41.6032],[69.57899,41.63338],[69.5932,41.64583],[69.60756,41.65829],[69.61599,41.66327],[69.62457,41.66831],[69.692,41.68239],[69.75944,41.69645],[69.81515,41.69805],[69.87086,41.69957],[69.89173,41.70622],[69.9124,41.71286],[69.92765,41.72632],[69.94289,41.73973],[69.94971,41.74745],[69.95654,41.75518],[69.96429,41.75991],[69.97204,41.76458],[70,41.77234],[70.02795,41.77998],[70.06945,41.80293],[70.1111,41.82598],[70.12366,41.83706],[70.13637,41.84809],[70.17037,41.89199],[70.20417,41.93581],[70.2114,41.94139],[70.21859,41.94692],[70.22711,41.95064],[70.2358,41.95429],[70.24489,41.95672],[70.25388,41.95912],[70.26215,41.96232],[70.27031,41.96555],[70.27667,41.97088],[70.28298,41.97625],[70.28675,41.98498],[70.29026,41.99377],[70.30266,42.01413],[70.31507,42.03459],[70.33636,42.04842],[70.35791,42.06224],[70.40674,42.078],[70.45542,42.09374],[70.46276,42.09265],[70.4702,42.09162],[70.4794,42.08671],[70.48849,42.08188],[70.4965,42.07513],[70.50446,42.06847],[70.50823,42.06198],[70.51185,42.05542],[70.51536,42.04604],[70.51888,42.03669],[70.52663,42.03082],[70.53423,42.02498],[70.54482,42.02185],[70.55526,42.0187],[70.56709,42.01751],[70.57903,42.01625],[70.59453,42.02185],[70.61024,42.02741],[70.62084,42.04216],[70.63148,42.05687],[70.64073,42.07513],[70.64983,42.0934],[70.66145,42.10968],[70.67318,42.12598],[70.68724,42.13846],[70.70114,42.15094],[70.70641,42.15763],[70.71184,42.16433],[70.71587,42.17365],[70.7199,42.1829],[70.72713,42.19014],[70.73427,42.1973],[70.74625,42.19766],[70.75814,42.19802],[70.78139,42.19321],[70.80455,42.18843],[70.82346,42.1905],[70.84237,42.19254],[70.86118,42.1997],[70.86197,42.2],[71.24339,42.2],[71.24987,42.19839],[71.2532,42.19755],[71.23821,42.16024],[71.20101,42.14079],[71.11843,42.12291],[70.97715,42.04423],[70.93591,42.03687],[70.88671,42.03849],[70.84547,42.03036],[70.82806,41.99374],[70.82511,41.93633],[70.814,41.91954],[70.77933,41.90967],[70.6797,41.90111],[70.64895,41.88739],[70.55009,41.82406],[70.50648,41.78559],[70.47723,41.73844],[70.45366,41.71208],[70.42348,41.69691],[70.39082,41.68505],[70.33119,41.64963],[70.16929,41.57834],[70.14826,41.55245],[70.16655,41.52021],[70.20345,41.50563],[70.34442,41.4938],[70.34452,41.4937],[70.34473,41.49364],[70.34494,41.49349],[70.38225,41.47644],[70.39899,41.46496],[70.41361,41.4507],[70.43806,41.41608],[70.4532,41.40548],[70.47078,41.40488],[70.47723,41.40466],[70.51133,41.41448],[70.63381,41.4675],[70.66781,41.47137],[70.68672,41.46248],[70.70357,41.44548],[70.75969,41.37251],[70.7692,41.3521],[70.77106,41.33102],[70.75628,41.26963],[70.75804,41.25216],[70.77044,41.23852],[70.78656,41.24043],[70.80599,41.24746],[70.82852,41.24911],[70.84775,41.24307],[70.86573,41.23319],[70.88216,41.22048],[70.89596,41.20612],[70.9142,41.19304],[70.93415,41.19144],[70.97715,41.19635],[71.02469,41.18979],[71.04701,41.18204],[71.06758,41.16974],[71.08577,41.16204],[71.12308,41.15821],[71.1391,41.14839],[71.16442,41.1162],[71.18013,41.10814],[71.18995,41.12746],[71.18788,41.14845],[71.18302,41.16638],[71.18571,41.18023],[71.20638,41.18875],[71.23015,41.18725],[71.24152,41.17516],[71.25382,41.13749],[71.26338,41.12349],[71.27615,41.11315],[71.28948,41.11387],[71.30023,41.13305],[71.32524,41.15733],[71.39366,41.11274],[71.41608,41.12736],[71.42146,41.16209],[71.41257,41.33469],[71.41877,41.3474],[71.43247,41.34482],[71.48063,41.31076],[71.52383,41.29665],[71.55794,41.30172],[71.58553,41.32353],[71.61881,41.37779],[71.63307,41.41132],[71.63741,41.43127],[71.63369,41.44962],[71.60558,41.47685],[71.59556,41.49349],[71.59556,41.4937],[71.59545,41.49375],[71.6153,41.53214],[71.62739,41.5432],[71.64951,41.54992],[71.67142,41.54739],[71.68413,41.53406],[71.6894,41.51462],[71.6895,41.4938],[71.67111,41.43763],[71.67193,41.42548],[71.68144,41.42285],[71.68733,41.43101],[71.69147,41.44192],[71.69612,41.44745],[71.70687,41.44409],[71.71224,41.42802],[71.72165,41.42476],[71.72971,41.43008],[71.73043,41.45117],[71.73684,41.4554],[71.74521,41.45282],[71.75317,41.44729],[71.84701,41.34182],[71.86303,41.31221],[71.86882,41.27924],[71.86634,41.23661],[71.87161,41.19449],[71.89766,41.18493],[71.97703,41.19521],[72.00122,41.18002],[72.01651,41.16354],[72.03377,41.15661],[72.06364,41.1702],[72.08524,41.18488],[72.1085,41.1964],[72.13289,41.1993],[72.15842,41.18787],[72.16989,41.16865],[72.17464,41.14142],[72.1764,41.11289],[72.1856,41.06065],[72.1856,41.04106],[72.17878,41.02318],[72.16513,40.99936],[72.19549,41.00636],[72.25298,41.01962],[72.28978,41.02354],[72.29732,41.02814],[72.3088,41.05445],[72.31407,41.06168],[72.33236,41.07284],[72.34569,41.06597],[72.37432,41.03197],[72.3952,41.02204],[72.42352,41.01574],[72.47674,41.01181],[72.48191,41.00882],[72.4847,41.00468],[72.48522,40.99957],[72.48356,40.99352],[72.48336,40.97058],[72.50144,40.9635],[72.52625,40.9622],[72.54558,40.95652],[72.58847,40.90582],[72.61947,40.88009],[72.65823,40.86717],[72.70123,40.86324],[72.83011,40.87208],[72.86866,40.86412],[72.873,40.83482],[72.87031,40.81818],[72.88313,40.81963],[72.92943,40.84417],[73.00343,40.87017],[73.01945,40.8619],[73.0333,40.84722],[73.05356,40.83632],[73.11247,40.83916],[73.13504,40.83527],[73.14329,40.83385],[73.14337,40.83384],[73.14864,40.81369],[73.11805,40.78294],[73.07061,40.76247],[72.97676,40.73607],[72.89098,40.69509],[72.81894,40.68108],[72.78391,40.66966],[72.76003,40.64176],[72.74835,40.5751],[72.71921,40.56486],[72.68242,40.57768],[72.66423,40.57778],[72.65647,40.56114],[72.65513,40.54636],[72.65048,40.53215],[72.64087,40.51985],[72.62547,40.5105],[72.58578,40.50874],[72.51529,40.54564],[72.47674,40.54957],[72.44791,40.56047],[72.41484,40.58987],[72.38156,40.61215],[72.35189,40.60197],[72.34851,40.58551],[72.34848,40.58538],[72.36993,40.55793],[72.37008,40.55773],[72.36998,40.53985],[72.36326,40.52357],[72.36347,40.51241],[72.36347,40.51231],[72.37225,40.50327],[72.41559,40.47933],[72.41566,40.47929],[72.42003,40.47103],[72.4261,40.45955],[72.4262,40.45934],[72.42517,40.43598],[72.41442,40.41071],[72.39406,40.38942],[72.3705,40.38565],[72.34342,40.3934],[72.2843,40.41986],[72.26962,40.42405],[72.22436,40.42244],[72.21164,40.4256],[72.21177,40.42584],[72.2165,40.43495],[72.22808,40.43753],[72.24513,40.43872],[72.2596,40.44239],[72.26363,40.45252],[72.26342,40.45265],[72.25422,40.45831],[72.23593,40.45991],[72.22833,40.45961],[72.1827,40.45779],[72.16586,40.45443],[72.0993,40.42637],[72.0901,40.41604],[72.08411,40.39738],[72.06964,40.36942],[72.04318,40.34932],[71.95667,40.31568],[71.95109,40.30152],[71.95822,40.28653],[71.97703,40.2761],[72.00597,40.26576],[72.01324,40.26207],[72.01982,40.25873],[72.0254,40.25088],[72.01889,40.24003],[72.00483,40.23729],[71.98902,40.2393],[71.97703,40.24307],[71.96918,40.24442],[71.96339,40.24375],[71.95181,40.2409],[71.91233,40.24344],[71.87296,40.25077],[71.83647,40.24917],[71.80547,40.2253],[71.78676,40.19352],[71.77591,40.17993],[71.75978,40.16809],[71.70718,40.14427],[71.69333,40.14112],[71.67307,40.14789],[71.66687,40.16313],[71.66718,40.20416],[71.66015,40.22447],[71.64599,40.24711],[71.62832,40.25889],[71.61013,40.24638],[71.60403,40.22726],[71.60165,40.20995],[71.59297,40.19843],[71.56827,40.19657],[71.52125,40.20375],[71.49841,40.21052],[71.47711,40.2208],[71.45892,40.23413],[71.45097,40.24891],[71.44135,40.2609],[71.39655,40.27155],[71.36513,40.29413],[71.34493,40.29522],[71.31356,40.29268],[71.29707,40.29382],[71.28322,40.29842],[71.27284,40.30772],[71.26395,40.31821],[71.25382,40.32441],[71.23956,40.32111],[71.22395,40.30286],[71.21512,40.28075],[71.20101,40.26385],[71.16938,40.26142],[71.05321,40.27424],[70.99513,40.26659],[70.95896,40.23837]],[[70.5659,41.01838],[70.54978,41.01522],[70.56146,40.9946],[70.56249,40.99378],[70.57913,40.98086],[70.60838,40.95094],[70.62523,40.93869],[70.64507,40.93518],[70.64342,40.95228],[70.6305,40.97641],[70.61665,40.99352],[70.59345,41.00938],[70.5659,41.01838]]],[[[71.17693,40.042],[71.18189,40.0434],[71.19295,40.05027],[71.19822,40.0526],[71.22375,40.05787],[71.23635,40.05606],[71.244,40.04676],[71.23728,40.0311],[71.19098,40.00624],[71.1747,39.99399],[71.17703,39.96816],[71.22106,39.93172],[71.21909,39.90092],[71.20845,39.88878],[71.1946,39.8848],[71.16101,39.88423],[71.11367,39.87447],[71.09889,39.8755],[71.08722,39.88382],[71.08479,39.89483],[71.07998,39.90341],[71.06096,39.90413],[71.0498,39.89798],[71.03606,39.88754],[71.0219,39.88082],[71.00929,39.88573],[71.00763,39.91116],[71.05037,39.96288],[71.04582,39.99203],[71.0343,39.99911],[71.00763,40.0035],[70.99451,40.00888],[70.98314,40.02138],[70.95844,40.06309],[70.95296,40.07921],[70.95405,40.0958],[70.95989,40.11342],[70.97715,40.14458],[71.00856,40.15776],[71.0312,40.1469],[71.04794,40.12251],[71.06174,40.09518],[71.07884,40.07864],[71.10597,40.06495],[71.16204,40.04691],[71.16545,40.04464],[71.16938,40.04283],[71.17693,40.042]]]]}}]}
